Format,1.0B,
Memory Length,10000,Memory Length,10000,
IntpDistance,0,IntpDistance,0,
Trigger Address,4999,Trigger Address,4999,
Trigger Level,-1.200E-01,Trigger Level,-1.200E-01,
Source,CH1,Source,CH2,
Vertical Units,V,Vertical Units,V,
Vertical Units Div,0,Vertical Units Div,0,
Vertical Units Extend Div,16,Vertical Units Extend Div,16,
Label,ACK,Label,,
Probe Type,0,Probe Type,0,
Probe Ratio,1.000e+00,Probe Ratio,1.000e+00,
Vertical Scale,2.000e+00,Vertical Scale,5.000e-01,
Vertical Position,4.000e+00,Vertical Position,-1.000e+00,
Horizontal Units,S,Horizontal Units,S,
Horizontal Scale,2.000E-04,Horizontal Scale,2.000E-04,
Horizontal Position,0.000E+00,Horizontal Position,0.000E+00,
Horizontal Mode,Main,Horizontal Mode,Main,
SincET Mode,Real Time,SincET Mode,Real Time,
Sampling Period,2.000e-07,Sampling Period,2.000e-07,
Horizontal Old Scale,2.000E-04,Horizontal Old Scale,2.000E-04,
Horizontal Old Position,0.000E+00,Horizontal Old Position,0.000E+00,
Firmware,V1.29,Firmware,V1.29,
Mode,Fast,Mode,Fast,
Waveform Data,,Waveform Data,,
-4, ,2, ,
-3, ,2, ,
-3, ,2, ,
-4, ,2, ,
-4, ,2, ,
-3, ,2, ,
-4, ,2, ,
-4, ,2, ,
-4, ,2, ,
-3, ,2, ,
-5, ,2, ,
-4, ,2, ,
-3, ,2, ,
-4, ,2, ,
-4, ,0, ,
-4, ,2, ,
-4, ,2, ,
-5, ,2, ,
-4, ,2, ,
-3, ,2, ,
-3, ,2, ,
-4, ,2, ,
-4, ,2, ,
-3, ,2, ,
-3, ,0, ,
-3, ,2, ,
-3, ,2, ,
-4, ,2, ,
-4, ,2, ,
-3, ,2, ,
-4, ,2, ,
-4, ,2, ,
-3, ,2, ,
-4, ,2, ,
-3, ,2, ,
-4, ,2, ,
-4, ,2, ,
-4, ,2, ,
-3, ,2, ,
-4, ,2, ,
-4, ,2, ,
-5, ,2, ,
-4, ,2, ,
-3, ,2, ,
-4, ,2, ,
-4, ,2, ,
-4, ,2, ,
-5, ,2, ,
-4, ,2, ,
-3, ,2, ,
-4, ,2, ,
-3, ,2, ,
-4, ,2, ,
-4, ,2, ,
-4, ,2, ,
-4, ,2, ,
-4, ,2, ,
-3, ,2, ,
-3, ,2, ,
-4, ,2, ,
-4, ,2, ,
-3, ,2, ,
-3, ,2, ,
-4, ,2, ,
-3, ,3, ,
-4, ,2, ,
-4, ,2, ,
-4, ,2, ,
-4, ,2, ,
-5, ,2, ,
-3, ,2, ,
-4, ,2, ,
-4, ,2, ,
-3, ,2, ,
-5, ,2, ,
-3, ,2, ,
-4, ,2, ,
-4, ,2, ,
-4, ,2, ,
-4, ,2, ,
-4, ,2, ,
-3, ,0, ,
-4, ,2, ,
-4, ,2, ,
-3, ,2, ,
-3, ,2, ,
-4, ,2, ,
-3, ,2, ,
-4, ,2, ,
-4, ,2, ,
-3, ,2, ,
-4, ,2, ,
-5, ,2, ,
-4, ,2, ,
-4, ,2, ,
-4, ,2, ,
-4, ,2, ,
-4, ,2, ,
-3, ,2, ,
-4, ,2, ,
-3, ,2, ,
-4, ,2, ,
-4, ,2, ,
-4, ,2, ,
-3, ,2, ,
-5, ,2, ,
-4, ,2, ,
-4, ,2, ,
-4, ,2, ,
-4, ,2, ,
-3, ,2, ,
-4, ,2, ,
-4, ,2, ,
-4, ,2, ,
-4, ,2, ,
-3, ,2, ,
-5, ,2, ,
-4, ,2, ,
-3, ,2, ,
-4, ,2, ,
-4, ,2, ,
-3, ,2, ,
-5, ,2, ,
-3, ,2, ,
-4, ,2, ,
-4, ,2, ,
-4, ,2, ,
-3, ,2, ,
-3, ,2, ,
-4, ,2, ,
-3, ,2, ,
-4, ,0, ,
-4, ,2, ,
-3, ,2, ,
-5, ,2, ,
-4, ,2, ,
-4, ,2, ,
-4, ,2, ,
-4, ,2, ,
-4, ,2, ,
-4, ,2, ,
-3, ,2, ,
-4, ,2, ,
-4, ,2, ,
-4, ,2, ,
-3, ,2, ,
-3, ,2, ,
-4, ,2, ,
-3, ,2, ,
-4, ,2, ,
-4, ,2, ,
-3, ,2, ,
-3, ,2, ,
-4, ,2, ,
-3, ,2, ,
-4, ,2, ,
-4, ,2, ,
-4, ,2, ,
-4, ,2, ,
-3, ,2, ,
-3, ,2, ,
-3, ,2, ,
-4, ,2, ,
-3, ,2, ,
-4, ,2, ,
-3, ,2, ,
-3, ,2, ,
-3, ,2, ,
-4, ,2, ,
-4, ,2, ,
-4, ,2, ,
-3, ,2, ,
-3, ,2, ,
-3, ,2, ,
-3, ,2, ,
-4, ,2, ,
-4, ,2, ,
-5, ,2, ,
-4, ,2, ,
-3, ,2, ,
-3, ,3, ,
-4, ,2, ,
-3, ,2, ,
-4, ,2, ,
-4, ,2, ,
-4, ,2, ,
-4, ,2, ,
-4, ,2, ,
-3, ,2, ,
-5, ,2, ,
-3, ,2, ,
-4, ,2, ,
-4, ,2, ,
-3, ,2, ,
-3, ,2, ,
-4, ,2, ,
-4, ,2, ,
-4, ,2, ,
-3, ,2, ,
-4, ,2, ,
-3, ,2, ,
-5, ,2, ,
-4, ,2, ,
-4, ,2, ,
-4, ,2, ,
-4, ,2, ,
-3, ,2, ,
-5, ,2, ,
-3, ,2, ,
-4, ,2, ,
-4, ,2, ,
-3, ,2, ,
-5, ,2, ,
-3, ,2, ,
-4, ,2, ,
-3, ,2, ,
-4, ,3, ,
-3, ,2, ,
-4, ,2, ,
-4, ,0, ,
-4, ,2, ,
-3, ,2, ,
-4, ,2, ,
-4, ,2, ,
-4, ,2, ,
-3, ,2, ,
-3, ,2, ,
-4, ,2, ,
-3, ,2, ,
-4, ,2, ,
-4, ,2, ,
-4, ,2, ,
-4, ,2, ,
-3, ,2, ,
-4, ,0, ,
-3, ,2, ,
-3, ,2, ,
-4, ,2, ,
-4, ,2, ,
-3, ,2, ,
-3, ,2, ,
-4, ,2, ,
-5, ,2, ,
-3, ,2, ,
-4, ,2, ,
-3, ,2, ,
-4, ,2, ,
-3, ,2, ,
-3, ,2, ,
-4, ,2, ,
-3, ,2, ,
-5, ,2, ,
-3, ,2, ,
-4, ,2, ,
-3, ,2, ,
-4, ,2, ,
-4, ,2, ,
-4, ,2, ,
-4, ,2, ,
-4, ,2, ,
-4, ,2, ,
-4, ,2, ,
-4, ,2, ,
-5, ,2, ,
-4, ,2, ,
-4, ,2, ,
-3, ,2, ,
-4, ,2, ,
-4, ,2, ,
-5, ,2, ,
-4, ,0, ,
-3, ,2, ,
-4, ,2, ,
-3, ,2, ,
-4, ,2, ,
-4, ,2, ,
-4, ,2, ,
-4, ,2, ,
-4, ,3, ,
-4, ,2, ,
-3, ,2, ,
-4, ,2, ,
-4, ,2, ,
-4, ,2, ,
-4, ,2, ,
-3, ,2, ,
-4, ,2, ,
-4, ,2, ,
-3, ,2, ,
-4, ,2, ,
-4, ,2, ,
-5, ,2, ,
-4, ,2, ,
-3, ,2, ,
-3, ,2, ,
-4, ,2, ,
-3, ,2, ,
-4, ,2, ,
-3, ,2, ,
-4, ,2, ,
-4, ,2, ,
-4, ,2, ,
-4, ,2, ,
-4, ,2, ,
-4, ,2, ,
-5, ,2, ,
-3, ,2, ,
-4, ,2, ,
-3, ,2, ,
-4, ,2, ,
-4, ,3, ,
-5, ,2, ,
-3, ,2, ,
-4, ,2, ,
-4, ,2, ,
-3, ,2, ,
-5, ,2, ,
-3, ,2, ,
-4, ,2, ,
-4, ,2, ,
-4, ,2, ,
-3, ,2, ,
-3, ,2, ,
-5, ,3, ,
-3, ,2, ,
-4, ,2, ,
-4, ,2, ,
-4, ,2, ,
-5, ,2, ,
-4, ,2, ,
-3, ,2, ,
-4, ,2, ,
-4, ,2, ,
-3, ,2, ,
-4, ,2, ,
-4, ,2, ,
-4, ,2, ,
-4, ,2, ,
-4, ,2, ,
-4, ,2, ,
-4, ,2, ,
-3, ,2, ,
-3, ,2, ,
-4, ,2, ,
-5, ,2, ,
-4, ,2, ,
-4, ,2, ,
-4, ,2, ,
-4, ,2, ,
-3, ,2, ,
-5, ,2, ,
-4, ,2, ,
-4, ,2, ,
-4, ,2, ,
-3, ,2, ,
-3, ,2, ,
-3, ,2, ,
-4, ,2, ,
-4, ,2, ,
-3, ,2, ,
-4, ,2, ,
-4, ,2, ,
-3, ,2, ,
-4, ,2, ,
-4, ,2, ,
-3, ,2, ,
-3, ,2, ,
-3, ,2, ,
-4, ,2, ,
-3, ,2, ,
-4, ,2, ,
-3, ,2, ,
-3, ,2, ,
-3, ,2, ,
-4, ,2, ,
-3, ,2, ,
-4, ,2, ,
-3, ,2, ,
-3, ,2, ,
-3, ,2, ,
-4, ,2, ,
-3, ,2, ,
-4, ,2, ,
-3, ,2, ,
-3, ,2, ,
-4, ,2, ,
-5, ,2, ,
-4, ,2, ,
-4, ,2, ,
-4, ,2, ,
-4, ,2, ,
-3, ,2, ,
-3, ,2, ,
-5, ,2, ,
-3, ,2, ,
-4, ,2, ,
-4, ,2, ,
-3, ,2, ,
-3, ,3, ,
-5, ,2, ,
-4, ,2, ,
-4, ,2, ,
-4, ,2, ,
-4, ,2, ,
-3, ,2, ,
-3, ,2, ,
-3, ,2, ,
-4, ,3, ,
-4, ,2, ,
-3, ,2, ,
-4, ,2, ,
-4, ,2, ,
-4, ,2, ,
-4, ,2, ,
-3, ,2, ,
-4, ,3, ,
-4, ,2, ,
-4, ,2, ,
-4, ,2, ,
-4, ,2, ,
-3, ,2, ,
-4, ,2, ,
-4, ,2, ,
-4, ,2, ,
-4, ,2, ,
-3, ,2, ,
-3, ,2, ,
-4, ,2, ,
-4, ,2, ,
-4, ,2, ,
-4, ,2, ,
-3, ,2, ,
-3, ,2, ,
-4, ,2, ,
-4, ,2, ,
-4, ,2, ,
-4, ,2, ,
-3, ,2, ,
-3, ,2, ,
-4, ,2, ,
-3, ,2, ,
-4, ,2, ,
-4, ,2, ,
-4, ,2, ,
-3, ,2, ,
-5, ,2, ,
-4, ,2, ,
-4, ,2, ,
-3, ,2, ,
-4, ,2, ,
-4, ,2, ,
-5, ,2, ,
-4, ,2, ,
-4, ,2, ,
-3, ,2, ,
-4, ,2, ,
-4, ,2, ,
-3, ,2, ,
-3, ,2, ,
-4, ,2, ,
-4, ,2, ,
-3, ,2, ,
-4, ,2, ,
-3, ,2, ,
-3, ,2, ,
-4, ,2, ,
-5, ,2, ,
-3, ,2, ,
-4, ,2, ,
-3, ,2, ,
-4, ,2, ,
-3, ,2, ,
-4, ,2, ,
-4, ,2, ,
-4, ,2, ,
-4, ,2, ,
-4, ,2, ,
-3, ,2, ,
-5, ,2, ,
-4, ,0, ,
-3, ,2, ,
-4, ,2, ,
-3, ,2, ,
-4, ,2, ,
-4, ,2, ,
-4, ,2, ,
-3, ,2, ,
-4, ,2, ,
-4, ,2, ,
-3, ,2, ,
-4, ,2, ,
-4, ,2, ,
-3, ,2, ,
-4, ,2, ,
-4, ,2, ,
-4, ,2, ,
-4, ,0, ,
-3, ,2, ,
-4, ,2, ,
-3, ,2, ,
-3, ,2, ,
-4, ,2, ,
-3, ,2, ,
-4, ,2, ,
-4, ,2, ,
-4, ,2, ,
-4, ,2, ,
-4, ,0, ,
-4, ,2, ,
-4, ,2, ,
-4, ,2, ,
-3, ,2, ,
-3, ,2, ,
-3, ,2, ,
-4, ,2, ,
-4, ,2, ,
-4, ,2, ,
-3, ,2, ,
-4, ,2, ,
-4, ,2, ,
-4, ,2, ,
-3, ,2, ,
-4, ,2, ,
-4, ,2, ,
-4, ,2, ,
-4, ,2, ,
-3, ,2, ,
-4, ,2, ,
-5, ,2, ,
-4, ,2, ,
-3, ,2, ,
-4, ,2, ,
-4, ,2, ,
-4, ,2, ,
-5, ,2, ,
-3, ,2, ,
-4, ,2, ,
-3, ,2, ,
-4, ,2, ,
-3, ,2, ,
-4, ,2, ,
-4, ,2, ,
-4, ,2, ,
-3, ,2, ,
-3, ,2, ,
-4, ,2, ,
-4, ,2, ,
-3, ,2, ,
-4, ,2, ,
-4, ,2, ,
-4, ,2, ,
-3, ,2, ,
-5, ,2, ,
-4, ,2, ,
-4, ,2, ,
-4, ,2, ,
-4, ,2, ,
-4, ,2, ,
-4, ,2, ,
-3, ,2, ,
-4, ,2, ,
-3, ,2, ,
-3, ,2, ,
-4, ,2, ,
-3, ,2, ,
-4, ,2, ,
-3, ,2, ,
-4, ,2, ,
-4, ,2, ,
-3, ,2, ,
-3, ,2, ,
-5, ,2, ,
-3, ,2, ,
-4, ,2, ,
-3, ,2, ,
-4, ,2, ,
-4, ,2, ,
-3, ,0, ,
-3, ,2, ,
-3, ,2, ,
-3, ,2, ,
-4, ,2, ,
-3, ,2, ,
-4, ,2, ,
-3, ,2, ,
-4, ,2, ,
-4, ,0, ,
-4, ,2, ,
-3, ,2, ,
-4, ,2, ,
-4, ,2, ,
-4, ,2, ,
-4, ,2, ,
-4, ,2, ,
-3, ,2, ,
-5, ,2, ,
-3, ,2, ,
-4, ,2, ,
-4, ,2, ,
-4, ,2, ,
-4, ,2, ,
-3, ,2, ,
-4, ,2, ,
-4, ,2, ,
-4, ,2, ,
-4, ,2, ,
-4, ,2, ,
-3, ,2, ,
-4, ,2, ,
-3, ,2, ,
-3, ,2, ,
-4, ,2, ,
-3, ,2, ,
-5, ,2, ,
-3, ,2, ,
-4, ,2, ,
-3, ,2, ,
-4, ,2, ,
-3, ,2, ,
-5, ,3, ,
-4, ,2, ,
-4, ,2, ,
-3, ,2, ,
-4, ,2, ,
-3, ,2, ,
-4, ,2, ,
-3, ,2, ,
-4, ,2, ,
-3, ,2, ,
-4, ,2, ,
-3, ,2, ,
-4, ,2, ,
-4, ,2, ,
-4, ,2, ,
-4, ,2, ,
-4, ,0, ,
-3, ,2, ,
-4, ,2, ,
-3, ,2, ,
-4, ,2, ,
-4, ,2, ,
-4, ,2, ,
-4, ,2, ,
-3, ,2, ,
-3, ,2, ,
-4, ,2, ,
-5, ,3, ,
-3, ,0, ,
-4, ,2, ,
-4, ,2, ,
-3, ,2, ,
-3, ,2, ,
-4, ,2, ,
-4, ,0, ,
-4, ,2, ,
-3, ,2, ,
-4, ,2, ,
-4, ,2, ,
-3, ,2, ,
-4, ,2, ,
-4, ,2, ,
-3, ,2, ,
-4, ,2, ,
-4, ,2, ,
-4, ,2, ,
-3, ,2, ,
-3, ,2, ,
-5, ,2, ,
-4, ,2, ,
-4, ,2, ,
-3, ,2, ,
-4, ,2, ,
-4, ,2, ,
-4, ,2, ,
-3, ,2, ,
-4, ,2, ,
-5, ,2, ,
-4, ,2, ,
-3, ,2, ,
-4, ,2, ,
-4, ,2, ,
-3, ,2, ,
-5, ,3, ,
-4, ,2, ,
-4, ,2, ,
-4, ,2, ,
-4, ,2, ,
-4, ,2, ,
-4, ,2, ,
-3, ,2, ,
-4, ,2, ,
-4, ,2, ,
-4, ,0, ,
-3, ,2, ,
-3, ,2, ,
-5, ,2, ,
-4, ,2, ,
-4, ,2, ,
-3, ,2, ,
-4, ,2, ,
-3, ,2, ,
-5, ,2, ,
-3, ,2, ,
-4, ,2, ,
-4, ,2, ,
-3, ,2, ,
-3, ,2, ,
-4, ,2, ,
-3, ,2, ,
-4, ,2, ,
-4, ,2, ,
-4, ,2, ,
-4, ,2, ,
-3, ,2, ,
-3, ,2, ,
-4, ,2, ,
-4, ,2, ,
-3, ,2, ,
-4, ,2, ,
-4, ,2, ,
-4, ,2, ,
-4, ,2, ,
-5, ,2, ,
-3, ,2, ,
-4, ,2, ,
-4, ,0, ,
-4, ,2, ,
-4, ,2, ,
-4, ,2, ,
-4, ,2, ,
-4, ,2, ,
-4, ,2, ,
-4, ,2, ,
-4, ,2, ,
-5, ,2, ,
-4, ,2, ,
-4, ,2, ,
-4, ,2, ,
-3, ,2, ,
-4, ,2, ,
-4, ,2, ,
-4, ,2, ,
-4, ,2, ,
-4, ,2, ,
-3, ,0, ,
-3, ,2, ,
-3, ,2, ,
-4, ,2, ,
-4, ,2, ,
-3, ,2, ,
-4, ,2, ,
-4, ,2, ,
-4, ,2, ,
-4, ,2, ,
-3, ,2, ,
-4, ,2, ,
-4, ,2, ,
-4, ,2, ,
-4, ,2, ,
-4, ,2, ,
-5, ,2, ,
-3, ,2, ,
-4, ,2, ,
-4, ,2, ,
-3, ,2, ,
-3, ,2, ,
-3, ,2, ,
-4, ,2, ,
-3, ,2, ,
-4, ,2, ,
-4, ,2, ,
-4, ,2, ,
-4, ,2, ,
-4, ,2, ,
-3, ,2, ,
-5, ,3, ,
-3, ,2, ,
-4, ,0, ,
-4, ,2, ,
-3, ,2, ,
-4, ,2, ,
-3, ,2, ,
-4, ,2, ,
-4, ,2, ,
-4, ,2, ,
-3, ,2, ,
-4, ,2, ,
-4, ,2, ,
-4, ,2, ,
-4, ,2, ,
-4, ,2, ,
-4, ,2, ,
-5, ,2, ,
-4, ,2, ,
-3, ,2, ,
-4, ,2, ,
-4, ,2, ,
-4, ,2, ,
-3, ,2, ,
-5, ,2, ,
-3, ,2, ,
-4, ,2, ,
-3, ,2, ,
-4, ,2, ,
-4, ,2, ,
-3, ,2, ,
-3, ,2, ,
-4, ,2, ,
-4, ,2, ,
-3, ,2, ,
-4, ,2, ,
-3, ,2, ,
-4, ,2, ,
-3, ,2, ,
-3, ,2, ,
-4, ,2, ,
-4, ,2, ,
-3, ,2, ,
-4, ,2, ,
-4, ,2, ,
-4, ,2, ,
-3, ,2, ,
-4, ,2, ,
-4, ,2, ,
-3, ,2, ,
-3, ,2, ,
-4, ,2, ,
-3, ,2, ,
-4, ,2, ,
-4, ,2, ,
-3, ,2, ,
-3, ,2, ,
-4, ,2, ,
-3, ,2, ,
-4, ,2, ,
-4, ,2, ,
-4, ,2, ,
-3, ,2, ,
-3, ,2, ,
-5, ,2, ,
-3, ,2, ,
-4, ,2, ,
-3, ,2, ,
-4, ,2, ,
-4, ,2, ,
-3, ,2, ,
-3, ,2, ,
-3, ,2, ,
-4, ,2, ,
-4, ,2, ,
-4, ,2, ,
-3, ,2, ,
-3, ,2, ,
-3, ,2, ,
-4, ,2, ,
-3, ,2, ,
-4, ,2, ,
-3, ,2, ,
-4, ,2, ,
-4, ,2, ,
-3, ,2, ,
-4, ,2, ,
-4, ,2, ,
-3, ,2, ,
-4, ,2, ,
-3, ,0, ,
-3, ,2, ,
-4, ,2, ,
-4, ,2, ,
-3, ,2, ,
-3, ,2, ,
-4, ,2, ,
-5, ,2, ,
-4, ,2, ,
-4, ,2, ,
-4, ,2, ,
-4, ,2, ,
-3, ,2, ,
-3, ,2, ,
-4, ,2, ,
-4, ,0, ,
-4, ,2, ,
-4, ,2, ,
-3, ,2, ,
-5, ,2, ,
-4, ,2, ,
-4, ,2, ,
-4, ,2, ,
-4, ,2, ,
-3, ,2, ,
-3, ,2, ,
-4, ,2, ,
-4, ,2, ,
-4, ,2, ,
-4, ,2, ,
-3, ,0, ,
-5, ,2, ,
-3, ,2, ,
-4, ,2, ,
-3, ,2, ,
-4, ,2, ,
-3, ,2, ,
-4, ,2, ,
-4, ,2, ,
-4, ,2, ,
-5, ,2, ,
-4, ,2, ,
-4, ,2, ,
-4, ,2, ,
-4, ,2, ,
-3, ,2, ,
-4, ,2, ,
-3, ,2, ,
-4, ,2, ,
-4, ,2, ,
-3, ,2, ,
-3, ,2, ,
-5, ,2, ,
-4, ,2, ,
-4, ,2, ,
-3, ,2, ,
-4, ,2, ,
-3, ,2, ,
-4, ,2, ,
-4, ,0, ,
-4, ,2, ,
-3, ,2, ,
-4, ,2, ,
-3, ,2, ,
-4, ,2, ,
-4, ,2, ,
-5, ,2, ,
-4, ,2, ,
-4, ,2, ,
-3, ,2, ,
-4, ,2, ,
-4, ,2, ,
-5, ,2, ,
-3, ,2, ,
-4, ,2, ,
-4, ,2, ,
-3, ,2, ,
-5, ,2, ,
-3, ,2, ,
-4, ,2, ,
-4, ,2, ,
-4, ,2, ,
-3, ,2, ,
-5, ,0, ,
-4, ,2, ,
-4, ,2, ,
-4, ,2, ,
-4, ,2, ,
-3, ,2, ,
-3, ,2, ,
-4, ,2, ,
-3, ,2, ,
-4, ,2, ,
-4, ,2, ,
-3, ,2, ,
-3, ,2, ,
-4, ,2, ,
-3, ,2, ,
-4, ,2, ,
-3, ,2, ,
-4, ,2, ,
-3, ,2, ,
-4, ,2, ,
-3, ,2, ,
-4, ,2, ,
-4, ,2, ,
-3, ,2, ,
-3, ,2, ,
-5, ,2, ,
-4, ,2, ,
-4, ,2, ,
-4, ,2, ,
-4, ,2, ,
-4, ,2, ,
-5, ,2, ,
-4, ,2, ,
-4, ,2, ,
-4, ,2, ,
-3, ,2, ,
-5, ,2, ,
-4, ,2, ,
-4, ,2, ,
-4, ,2, ,
-4, ,2, ,
-4, ,2, ,
-4, ,2, ,
-4, ,2, ,
-4, ,2, ,
-4, ,2, ,
-4, ,2, ,
-3, ,2, ,
-3, ,2, ,
-4, ,2, ,
-3, ,2, ,
-4, ,2, ,
-4, ,2, ,
-3, ,2, ,
-5, ,2, ,
-4, ,2, ,
-3, ,2, ,
-4, ,2, ,
-4, ,2, ,
-4, ,2, ,
-4, ,2, ,
-4, ,2, ,
-3, ,2, ,
-4, ,2, ,
-4, ,2, ,
-3, ,2, ,
-3, ,2, ,
-4, ,2, ,
-4, ,2, ,
-4, ,2, ,
-4, ,2, ,
-4, ,2, ,
-4, ,2, ,
-4, ,2, ,
-4, ,2, ,
-4, ,2, ,
-4, ,2, ,
-4, ,2, ,
-4, ,2, ,
-4, ,2, ,
-4, ,2, ,
-3, ,2, ,
-4, ,2, ,
-3, ,2, ,
-4, ,2, ,
-3, ,2, ,
-4, ,2, ,
-4, ,2, ,
-4, ,2, ,
-3, ,2, ,
-3, ,2, ,
-5, ,2, ,
-3, ,2, ,
-4, ,2, ,
-4, ,2, ,
-3, ,2, ,
-3, ,2, ,
-5, ,2, ,
-3, ,2, ,
-4, ,2, ,
-4, ,2, ,
-3, ,3, ,
-5, ,2, ,
-4, ,2, ,
-4, ,2, ,
-4, ,2, ,
-4, ,2, ,
-3, ,2, ,
-3, ,2, ,
-5, ,0, ,
-3, ,2, ,
-4, ,2, ,
-4, ,2, ,
-3, ,2, ,
-3, ,2, ,
-5, ,2, ,
-3, ,2, ,
-4, ,2, ,
-4, ,2, ,
-4, ,2, ,
-4, ,2, ,
-3, ,2, ,
-3, ,2, ,
-3, ,2, ,
-4, ,2, ,
-3, ,2, ,
-4, ,0, ,
-4, ,2, ,
-4, ,2, ,
-4, ,2, ,
-3, ,2, ,
-5, ,2, ,
-3, ,2, ,
-4, ,2, ,
-4, ,2, ,
-4, ,2, ,
-3, ,2, ,
-4, ,2, ,
-4, ,2, ,
-4, ,2, ,
-4, ,2, ,
-3, ,2, ,
-5, ,2, ,
-4, ,2, ,
-4, ,2, ,
-4, ,0, ,
-4, ,2, ,
-3, ,2, ,
-3, ,2, ,
-4, ,2, ,
-4, ,2, ,
-4, ,2, ,
-4, ,2, ,
-3, ,2, ,
-3, ,2, ,
-4, ,2, ,
-4, ,2, ,
-4, ,2, ,
-4, ,2, ,
-4, ,2, ,
-4, ,2, ,
-3, ,2, ,
-4, ,2, ,
-4, ,2, ,
-3, ,2, ,
-4, ,2, ,
-4, ,0, ,
-3, ,2, ,
-4, ,2, ,
-4, ,2, ,
-3, ,2, ,
-4, ,2, ,
-3, ,2, ,
-3, ,2, ,
-3, ,2, ,
-3, ,2, ,
-3, ,2, ,
-4, ,2, ,
-4, ,2, ,
-3, ,2, ,
-3, ,2, ,
-4, ,2, ,
-4, ,2, ,
-4, ,2, ,
-4, ,2, ,
-3, ,2, ,
-3, ,2, ,
-3, ,2, ,
-4, ,2, ,
-4, ,2, ,
-4, ,2, ,
-4, ,2, ,
-4, ,2, ,
-3, ,2, ,
-3, ,2, ,
-4, ,2, ,
-3, ,2, ,
-4, ,2, ,
-4, ,2, ,
-3, ,2, ,
-5, ,2, ,
-3, ,2, ,
-4, ,2, ,
-4, ,2, ,
-4, ,2, ,
-4, ,2, ,
-4, ,2, ,
-3, ,2, ,
-4, ,2, ,
-4, ,2, ,
-3, ,2, ,
-4, ,2, ,
-5, ,0, ,
-4, ,2, ,
-4, ,2, ,
-4, ,2, ,
-4, ,2, ,
-4, ,2, ,
-4, ,2, ,
-3, ,2, ,
-3, ,2, ,
-4, ,2, ,
-4, ,2, ,
-4, ,2, ,
-3, ,2, ,
-4, ,2, ,
-4, ,2, ,
-4, ,2, ,
-4, ,2, ,
-3, ,2, ,
-5, ,2, ,
-4, ,2, ,
-3, ,2, ,
-4, ,2, ,
-4, ,2, ,
-4, ,2, ,
-4, ,2, ,
-3, ,2, ,
-4, ,2, ,
-3, ,2, ,
-3, ,2, ,
-4, ,2, ,
-3, ,2, ,
-4, ,2, ,
-3, ,2, ,
-4, ,2, ,
-4, ,2, ,
-4, ,2, ,
-4, ,2, ,
-4, ,2, ,
-4, ,0, ,
-3, ,2, ,
-3, ,2, ,
-4, ,2, ,
-4, ,2, ,
-3, ,2, ,
-4, ,2, ,
-3, ,2, ,
-4, ,2, ,
-3, ,2, ,
-3, ,2, ,
-4, ,2, ,
-4, ,2, ,
-3, ,2, ,
-4, ,2, ,
-3, ,2, ,
-3, ,2, ,
-4, ,2, ,
-4, ,2, ,
-3, ,2, ,
-4, ,2, ,
-4, ,2, ,
-4, ,2, ,
-4, ,2, ,
-3, ,2, ,
-4, ,2, ,
-3, ,2, ,
-4, ,2, ,
-4, ,2, ,
-3, ,2, ,
-5, ,2, ,
-3, ,2, ,
-4, ,2, ,
-4, ,2, ,
-3, ,3, ,
-3, ,0, ,
-3, ,2, ,
-4, ,2, ,
-4, ,2, ,
-5, ,2, ,
-3, ,2, ,
-4, ,2, ,
-3, ,2, ,
-4, ,2, ,
-4, ,0, ,
-5, ,2, ,
-3, ,2, ,
-4, ,2, ,
-3, ,2, ,
-4, ,2, ,
-3, ,2, ,
-4, ,2, ,
-3, ,2, ,
-4, ,2, ,
-4, ,2, ,
-3, ,2, ,
-3, ,2, ,
-5, ,2, ,
-3, ,2, ,
-4, ,2, ,
-4, ,2, ,
-3, ,2, ,
-3, ,2, ,
-5, ,2, ,
-4, ,2, ,
-4, ,2, ,
-4, ,2, ,
-4, ,2, ,
-4, ,2, ,
-3, ,3, ,
-3, ,2, ,
-4, ,2, ,
-5, ,2, ,
-4, ,2, ,
-4, ,2, ,
-4, ,2, ,
-4, ,2, ,
-4, ,2, ,
-3, ,2, ,
-5, ,2, ,
-3, ,2, ,
-4, ,2, ,
-4, ,2, ,
-4, ,0, ,
-3, ,2, ,
-5, ,2, ,
-3, ,2, ,
-4, ,2, ,
-4, ,2, ,
-4, ,2, ,
-4, ,2, ,
-3, ,2, ,
-4, ,2, ,
-3, ,2, ,
-4, ,2, ,
-4, ,2, ,
-4, ,3, ,
-3, ,2, ,
-3, ,2, ,
-4, ,2, ,
-3, ,2, ,
-4, ,2, ,
-4, ,2, ,
-3, ,2, ,
-5, ,2, ,
-3, ,2, ,
-4, ,2, ,
-4, ,2, ,
-3, ,2, ,
-4, ,2, ,
-4, ,2, ,
-3, ,2, ,
-4, ,2, ,
-3, ,2, ,
-4, ,2, ,
-3, ,2, ,
-3, ,2, ,
-4, ,2, ,
-3, ,2, ,
-4, ,2, ,
-3, ,2, ,
-4, ,2, ,
-3, ,2, ,
-4, ,2, ,
-4, ,0, ,
-5, ,2, ,
-3, ,2, ,
-4, ,2, ,
-4, ,2, ,
-4, ,2, ,
-5, ,2, ,
-4, ,2, ,
-3, ,2, ,
-4, ,2, ,
-4, ,2, ,
-3, ,2, ,
-3, ,2, ,
-5, ,2, ,
-3, ,2, ,
-4, ,0, ,
-4, ,2, ,
-4, ,2, ,
-4, ,2, ,
-3, ,2, ,
-3, ,2, ,
-4, ,2, ,
-5, ,2, ,
-3, ,2, ,
-4, ,2, ,
-3, ,2, ,
-3, ,2, ,
-4, ,2, ,
-4, ,2, ,
-3, ,2, ,
-4, ,2, ,
-4, ,2, ,
-3, ,2, ,
-3, ,2, ,
-4, ,2, ,
-3, ,2, ,
-3, ,2, ,
-4, ,2, ,
-4, ,2, ,
-4, ,2, ,
-5, ,2, ,
-4, ,2, ,
-4, ,2, ,
-4, ,2, ,
-4, ,2, ,
-3, ,2, ,
-5, ,2, ,
-4, ,2, ,
-4, ,2, ,
-4, ,2, ,
-4, ,2, ,
-4, ,2, ,
-5, ,2, ,
-4, ,2, ,
-4, ,2, ,
-4, ,2, ,
-3, ,2, ,
-3, ,2, ,
-4, ,2, ,
-3, ,2, ,
-4, ,2, ,
-4, ,2, ,
-4, ,2, ,
-4, ,2, ,
-4, ,2, ,
-3, ,2, ,
-4, ,2, ,
-3, ,2, ,
-4, ,2, ,
-3, ,2, ,
-3, ,2, ,
-4, ,2, ,
-4, ,2, ,
-3, ,2, ,
-5, ,2, ,
-3, ,2, ,
-4, ,2, ,
-4, ,2, ,
-3, ,2, ,
-3, ,2, ,
-3, ,2, ,
-4, ,2, ,
-4, ,2, ,
-5, ,2, ,
-4, ,2, ,
-3, ,2, ,
-4, ,2, ,
-3, ,2, ,
-4, ,2, ,
-4, ,2, ,
-3, ,2, ,
-3, ,2, ,
-3, ,2, ,
-4, ,2, ,
-3, ,2, ,
-5, ,2, ,
-3, ,2, ,
-4, ,2, ,
-3, ,2, ,
-4, ,2, ,
-4, ,2, ,
-3, ,2, ,
-3, ,2, ,
-4, ,2, ,
-4, ,2, ,
-4, ,2, ,
-4, ,2, ,
-3, ,2, ,
-3, ,2, ,
-4, ,2, ,
-5, ,2, ,
-4, ,2, ,
-4, ,2, ,
-4, ,2, ,
-4, ,2, ,
-3, ,2, ,
-3, ,2, ,
-4, ,2, ,
-3, ,2, ,
-4, ,2, ,
-3, ,2, ,
-4, ,2, ,
-4, ,2, ,
-3, ,2, ,
-3, ,2, ,
-3, ,2, ,
-3, ,2, ,
-4, ,2, ,
-4, ,2, ,
-5, ,2, ,
-3, ,2, ,
-4, ,0, ,
-4, ,2, ,
-4, ,2, ,
-4, ,2, ,
-4, ,2, ,
-4, ,2, ,
-3, ,2, ,
-4, ,2, ,
-3, ,2, ,
-3, ,2, ,
-4, ,2, ,
-4, ,2, ,
-5, ,2, ,
-3, ,2, ,
-4, ,2, ,
-4, ,2, ,
-4, ,2, ,
-5, ,2, ,
-3, ,2, ,
-4, ,2, ,
-4, ,2, ,
-4, ,2, ,
-3, ,2, ,
-3, ,2, ,
-4, ,2, ,
-4, ,2, ,
-4, ,2, ,
-4, ,2, ,
-3, ,2, ,
-5, ,2, ,
-4, ,2, ,
-4, ,2, ,
-4, ,2, ,
-4, ,2, ,
-4, ,2, ,
-4, ,2, ,
-3, ,2, ,
-4, ,2, ,
-4, ,2, ,
-4, ,2, ,
-4, ,2, ,
-4, ,2, ,
-4, ,2, ,
-4, ,2, ,
-4, ,2, ,
-4, ,2, ,
-4, ,2, ,
-4, ,2, ,
-4, ,2, ,
-3, ,2, ,
-4, ,2, ,
-3, ,2, ,
-4, ,2, ,
-4, ,2, ,
-4, ,3, ,
-4, ,2, ,
-4, ,2, ,
-3, ,2, ,
-4, ,2, ,
-3, ,2, ,
-4, ,2, ,
-3, ,2, ,
-4, ,2, ,
-4, ,0, ,
-3, ,2, ,
-3, ,2, ,
-4, ,2, ,
-3, ,2, ,
-4, ,2, ,
-4, ,2, ,
-4, ,2, ,
-4, ,2, ,
-3, ,2, ,
-4, ,0, ,
-4, ,2, ,
-3, ,2, ,
-4, ,2, ,
-3, ,2, ,
-4, ,2, ,
-3, ,2, ,
-4, ,2, ,
-3, ,2, ,
-4, ,2, ,
-3, ,2, ,
-4, ,2, ,
-4, ,2, ,
-4, ,2, ,
-4, ,2, ,
-3, ,2, ,
-3, ,2, ,
-5, ,2, ,
-4, ,2, ,
-3, ,2, ,
-3, ,2, ,
-4, ,2, ,
-4, ,2, ,
-4, ,2, ,
-4, ,2, ,
-3, ,0, ,
-4, ,2, ,
-3, ,2, ,
-4, ,2, ,
-4, ,2, ,
-4, ,2, ,
-3, ,0, ,
-5, ,2, ,
-3, ,2, ,
-4, ,2, ,
-4, ,2, ,
-3, ,2, ,
-4, ,2, ,
-4, ,2, ,
-3, ,2, ,
-4, ,2, ,
-4, ,2, ,
-4, ,2, ,
-4, ,2, ,
-4, ,2, ,
-3, ,2, ,
-4, ,2, ,
-3, ,2, ,
-3, ,2, ,
-3, ,2, ,
-3, ,2, ,
-4, ,2, ,
-4, ,2, ,
-5, ,2, ,
-4, ,2, ,
-3, ,2, ,
-3, ,2, ,
-4, ,2, ,
-3, ,2, ,
-5, ,2, ,
-4, ,2, ,
-4, ,2, ,
-3, ,2, ,
-4, ,2, ,
-4, ,0, ,
-3, ,2, ,
-4, ,2, ,
-4, ,2, ,
-4, ,2, ,
-4, ,2, ,
-3, ,2, ,
-5, ,2, ,
-3, ,2, ,
-4, ,2, ,
-4, ,2, ,
-4, ,3, ,
-4, ,0, ,
-3, ,2, ,
-3, ,2, ,
-3, ,2, ,
-3, ,2, ,
-4, ,2, ,
-4, ,2, ,
-5, ,2, ,
-3, ,2, ,
-4, ,2, ,
-4, ,3, ,
-3, ,2, ,
-4, ,2, ,
-4, ,2, ,
-3, ,2, ,
-4, ,2, ,
-3, ,2, ,
-4, ,2, ,
-3, ,2, ,
-4, ,2, ,
-4, ,2, ,
-4, ,2, ,
-4, ,2, ,
-3, ,2, ,
-3, ,2, ,
-5, ,2, ,
-3, ,2, ,
-4, ,2, ,
-3, ,2, ,
-4, ,2, ,
-4, ,2, ,
-4, ,2, ,
-4, ,2, ,
-3, ,2, ,
-5, ,2, ,
-4, ,2, ,
-4, ,0, ,
-4, ,2, ,
-4, ,2, ,
-3, ,2, ,
-4, ,2, ,
-4, ,2, ,
-4, ,2, ,
-4, ,2, ,
-3, ,2, ,
-4, ,2, ,
-4, ,2, ,
-3, ,2, ,
-4, ,2, ,
-4, ,2, ,
-4, ,2, ,
-4, ,2, ,
-4, ,2, ,
-3, ,2, ,
-4, ,2, ,
-3, ,2, ,
-4, ,2, ,
-4, ,2, ,
-3, ,2, ,
-4, ,2, ,
-3, ,2, ,
-5, ,2, ,
-4, ,2, ,
-4, ,2, ,
-4, ,2, ,
-4, ,2, ,
-3, ,2, ,
-4, ,2, ,
-3, ,2, ,
-4, ,2, ,
-4, ,2, ,
-3, ,2, ,
-3, ,2, ,
-4, ,2, ,
-4, ,2, ,
-4, ,2, ,
-3, ,2, ,
-4, ,2, ,
-4, ,2, ,
-3, ,2, ,
-4, ,2, ,
-3, ,2, ,
-4, ,2, ,
-4, ,2, ,
-3, ,2, ,
-4, ,2, ,
-3, ,2, ,
-5, ,2, ,
-4, ,0, ,
-4, ,2, ,
-3, ,2, ,
-4, ,2, ,
-4, ,3, ,
-4, ,2, ,
-4, ,2, ,
-3, ,2, ,
-4, ,2, ,
-4, ,2, ,
-4, ,2, ,
-5, ,2, ,
-3, ,2, ,
-4, ,2, ,
-3, ,2, ,
-4, ,2, ,
-3, ,2, ,
-4, ,2, ,
-3, ,2, ,
-4, ,2, ,
-4, ,2, ,
-3, ,2, ,
-3, ,2, ,
-4, ,2, ,
-3, ,2, ,
-4, ,2, ,
-4, ,2, ,
-4, ,2, ,
-4, ,2, ,
-3, ,2, ,
-4, ,2, ,
-4, ,2, ,
-3, ,2, ,
-4, ,2, ,
-4, ,2, ,
-3, ,2, ,
-4, ,2, ,
-4, ,2, ,
-3, ,2, ,
-3, ,2, ,
-3, ,2, ,
-4, ,2, ,
-4, ,2, ,
-3, ,2, ,
-4, ,2, ,
-4, ,2, ,
-3, ,2, ,
-4, ,2, ,
-4, ,2, ,
-3, ,2, ,
-3, ,2, ,
-3, ,2, ,
-3, ,2, ,
-4, ,2, ,
-4, ,2, ,
-5, ,2, ,
-4, ,2, ,
-3, ,2, ,
-4, ,2, ,
-3, ,2, ,
-4, ,2, ,
-4, ,2, ,
-3, ,2, ,
-4, ,2, ,
-5, ,2, ,
-3, ,2, ,
-4, ,2, ,
-4, ,2, ,
-4, ,2, ,
-4, ,2, ,
-5, ,2, ,
-3, ,2, ,
-4, ,2, ,
-4, ,2, ,
-4, ,2, ,
-4, ,2, ,
-4, ,2, ,
-4, ,2, ,
-4, ,2, ,
-5, ,2, ,
-3, ,2, ,
-4, ,2, ,
-4, ,2, ,
-4, ,2, ,
-4, ,2, ,
-3, ,2, ,
-4, ,2, ,
-3, ,2, ,
-4, ,2, ,
-4, ,2, ,
-4, ,2, ,
-5, ,2, ,
-4, ,2, ,
-3, ,2, ,
-3, ,2, ,
-4, ,2, ,
-4, ,2, ,
-3, ,2, ,
-3, ,2, ,
-3, ,2, ,
-4, ,2, ,
-4, ,2, ,
-4, ,2, ,
-3, ,2, ,
-3, ,2, ,
-3, ,2, ,
-4, ,2, ,
-3, ,2, ,
-4, ,2, ,
-4, ,2, ,
-4, ,0, ,
-3, ,2, ,
-3, ,2, ,
-4, ,2, ,
-4, ,2, ,
-4, ,2, ,
-3, ,2, ,
-3, ,2, ,
-4, ,2, ,
-3, ,2, ,
-4, ,2, ,
-4, ,2, ,
-3, ,2, ,
-4, ,2, ,
-5, ,2, ,
-4, ,2, ,
-3, ,2, ,
-4, ,2, ,
-4, ,2, ,
-4, ,2, ,
-4, ,2, ,
-3, ,2, ,
-4, ,2, ,
-3, ,2, ,
-3, ,2, ,
-4, ,2, ,
-4, ,2, ,
-3, ,2, ,
-4, ,2, ,
-3, ,2, ,
-3, ,2, ,
-4, ,2, ,
-3, ,2, ,
-4, ,2, ,
-4, ,2, ,
-4, ,2, ,
-4, ,2, ,
-4, ,2, ,
-3, ,2, ,
-4, ,2, ,
-3, ,2, ,
-4, ,2, ,
-3, ,2, ,
-4, ,2, ,
-4, ,2, ,
-5, ,2, ,
-4, ,2, ,
-4, ,2, ,
-4, ,2, ,
-4, ,2, ,
-4, ,2, ,
-3, ,2, ,
-4, ,2, ,
-3, ,2, ,
-3, ,2, ,
-4, ,2, ,
-4, ,2, ,
-5, ,2, ,
-4, ,2, ,
-4, ,2, ,
-4, ,2, ,
-3, ,2, ,
-3, ,2, ,
-5, ,2, ,
-4, ,2, ,
-3, ,2, ,
-4, ,2, ,
-4, ,2, ,
-4, ,2, ,
-4, ,2, ,
-3, ,2, ,
-4, ,2, ,
-4, ,2, ,
-4, ,0, ,
-4, ,2, ,
-4, ,2, ,
-4, ,2, ,
-3, ,2, ,
-5, ,2, ,
-3, ,2, ,
-4, ,2, ,
-3, ,2, ,
-4, ,2, ,
-3, ,2, ,
-4, ,2, ,
-3, ,2, ,
-4, ,2, ,
-4, ,2, ,
-4, ,2, ,
-3, ,2, ,
-3, ,2, ,
-5, ,2, ,
-4, ,2, ,
-4, ,2, ,
-3, ,2, ,
-4, ,2, ,
-4, ,2, ,
-3, ,2, ,
-4, ,2, ,
-4, ,2, ,
-4, ,2, ,
-4, ,2, ,
-3, ,2, ,
-4, ,2, ,
-3, ,3, ,
-4, ,2, ,
-4, ,2, ,
-4, ,2, ,
-4, ,2, ,
-3, ,2, ,
-3, ,2, ,
-4, ,2, ,
-4, ,2, ,
-3, ,2, ,
-5, ,2, ,
-4, ,2, ,
-3, ,2, ,
-4, ,3, ,
-4, ,2, ,
-3, ,2, ,
-3, ,2, ,
-5, ,2, ,
-4, ,2, ,
-3, ,2, ,
-4, ,2, ,
-3, ,2, ,
-4, ,2, ,
-3, ,2, ,
-4, ,2, ,
-4, ,2, ,
-4, ,2, ,
-3, ,2, ,
-3, ,2, ,
-5, ,2, ,
-3, ,2, ,
-4, ,2, ,
-4, ,2, ,
-3, ,2, ,
-3, ,2, ,
-5, ,2, ,
-4, ,2, ,
-4, ,2, ,
-4, ,0, ,
-4, ,0, ,
-4, ,3, ,
-5, ,3, ,
-3, ,2, ,
-4, ,0, ,
-4, ,2, ,
-4, ,2, ,
-4, ,2, ,
-3, ,2, ,
-3, ,2, ,
-4, ,2, ,
-4, ,2, ,
-4, ,2, ,
-4, ,2, ,
-5, ,2, ,
-3, ,2, ,
-4, ,2, ,
-3, ,2, ,
-4, ,2, ,
-4, ,2, ,
-3, ,2, ,
-4, ,2, ,
-4, ,2, ,
-4, ,2, ,
-3, ,2, ,
-4, ,2, ,
-4, ,2, ,
-4, ,2, ,
-3, ,2, ,
-3, ,2, ,
-4, ,2, ,
-4, ,2, ,
-4, ,2, ,
-4, ,2, ,
-3, ,2, ,
-5, ,2, ,
-4, ,2, ,
-3, ,2, ,
-4, ,2, ,
-4, ,2, ,
-4, ,2, ,
-4, ,2, ,
-3, ,2, ,
-4, ,2, ,
-4, ,2, ,
-4, ,2, ,
-4, ,2, ,
-4, ,2, ,
-3, ,2, ,
-3, ,2, ,
-4, ,2, ,
-4, ,2, ,
-3, ,2, ,
-3, ,2, ,
-4, ,2, ,
-3, ,3, ,
-4, ,2, ,
-3, ,2, ,
-4, ,2, ,
-3, ,2, ,
-4, ,2, ,
-4, ,2, ,
-4, ,2, ,
-4, ,2, ,
-4, ,2, ,
-4, ,2, ,
-4, ,2, ,
-4, ,2, ,
-5, ,2, ,
-3, ,2, ,
-4, ,2, ,
-3, ,2, ,
-4, ,2, ,
-4, ,2, ,
-3, ,2, ,
-4, ,2, ,
-4, ,2, ,
-3, ,2, ,
-4, ,2, ,
-3, ,2, ,
-4, ,2, ,
-3, ,2, ,
-4, ,2, ,
-3, ,2, ,
-4, ,2, ,
-4, ,2, ,
-4, ,2, ,
-4, ,2, ,
-4, ,2, ,
-4, ,2, ,
-4, ,2, ,
-4, ,2, ,
-5, ,2, ,
-4, ,2, ,
-3, ,2, ,
-4, ,2, ,
-4, ,2, ,
-4, ,2, ,
-5, ,2, ,
-4, ,2, ,
-3, ,2, ,
-4, ,2, ,
-3, ,2, ,
-4, ,2, ,
-4, ,2, ,
-4, ,2, ,
-3, ,2, ,
-5, ,2, ,
-4, ,2, ,
-3, ,2, ,
-4, ,2, ,
-4, ,2, ,
-4, ,2, ,
-4, ,2, ,
-3, ,2, ,
-4, ,2, ,
-4, ,2, ,
-4, ,2, ,
-3, ,2, ,
-5, ,2, ,
-3, ,2, ,
-4, ,2, ,
-4, ,2, ,
-4, ,2, ,
-4, ,2, ,
-5, ,2, ,
-4, ,2, ,
-4, ,2, ,
-4, ,2, ,
-3, ,2, ,
-4, ,2, ,
-3, ,2, ,
-4, ,0, ,
-4, ,2, ,
-4, ,2, ,
-4, ,2, ,
-3, ,2, ,
-5, ,2, ,
-4, ,2, ,
-4, ,2, ,
-4, ,2, ,
-4, ,2, ,
-4, ,2, ,
-3, ,2, ,
-4, ,2, ,
-4, ,2, ,
-4, ,2, ,
-4, ,2, ,
-3, ,2, ,
-3, ,2, ,
-5, ,2, ,
-3, ,2, ,
-4, ,2, ,
-4, ,2, ,
-4, ,2, ,
-3, ,2, ,
-5, ,2, ,
-4, ,2, ,
-3, ,2, ,
-4, ,2, ,
-4, ,0, ,
-4, ,2, ,
-4, ,2, ,
-4, ,2, ,
-3, ,2, ,
-5, ,2, ,
-3, ,0, ,
-4, ,2, ,
-4, ,2, ,
-3, ,2, ,
-4, ,2, ,
-4, ,2, ,
-4, ,2, ,
-4, ,2, ,
-3, ,2, ,
-4, ,2, ,
-3, ,2, ,
-4, ,2, ,
-4, ,2, ,
-4, ,2, ,
-5, ,3, ,
-4, ,0, ,
-4, ,0, ,
-3, ,3, ,
-4, ,3, ,
-3, ,2, ,
-4, ,2, ,
-3, ,2, ,
-4, ,2, ,
-3, ,2, ,
-4, ,2, ,
-4, ,2, ,
-5, ,2, ,
-3, ,2, ,
-4, ,2, ,
-4, ,2, ,
-4, ,2, ,
-3, ,2, ,
-4, ,2, ,
-4, ,2, ,
-3, ,2, ,
-4, ,2, ,
-3, ,2, ,
-3, ,2, ,
-4, ,2, ,
-4, ,2, ,
-3, ,2, ,
-4, ,2, ,
-4, ,2, ,
-4, ,2, ,
-4, ,2, ,
-3, ,2, ,
-3, ,2, ,
-3, ,2, ,
-4, ,2, ,
-3, ,2, ,
-5, ,2, ,
-4, ,0, ,
-4, ,2, ,
-3, ,2, ,
-4, ,2, ,
-3, ,2, ,
-5, ,2, ,
-3, ,2, ,
-4, ,2, ,
-3, ,2, ,
-4, ,2, ,
-4, ,2, ,
-3, ,2, ,
-4, ,2, ,
-3, ,2, ,
-4, ,2, ,
-3, ,2, ,
-4, ,2, ,
-4, ,2, ,
-4, ,2, ,
-4, ,2, ,
-4, ,2, ,
-3, ,2, ,
-4, ,2, ,
-4, ,2, ,
-3, ,2, ,
-4, ,2, ,
-4, ,2, ,
-3, ,2, ,
-4, ,2, ,
-4, ,2, ,
-4, ,2, ,
-3, ,2, ,
-5, ,2, ,
-4, ,2, ,
-4, ,2, ,
-4, ,2, ,
-4, ,2, ,
-4, ,2, ,
-4, ,2, ,
-3, ,2, ,
-4, ,2, ,
-3, ,2, ,
-3, ,2, ,
-3, ,2, ,
-4, ,2, ,
-4, ,2, ,
-4, ,2, ,
-3, ,2, ,
-3, ,2, ,
-3, ,2, ,
-4, ,2, ,
-3, ,2, ,
-4, ,2, ,
-4, ,2, ,
-4, ,2, ,
-3, ,2, ,
-5, ,2, ,
-4, ,2, ,
-3, ,2, ,
-4, ,2, ,
-4, ,2, ,
-3, ,2, ,
-5, ,2, ,
-4, ,2, ,
-3, ,2, ,
-4, ,2, ,
-4, ,0, ,
-4, ,2, ,
-4, ,2, ,
-4, ,2, ,
-4, ,2, ,
-3, ,2, ,
-4, ,2, ,
-3, ,2, ,
-4, ,2, ,
-3, ,2, ,
-4, ,2, ,
-4, ,0, ,
-4, ,2, ,
-3, ,2, ,
-5, ,2, ,
-4, ,2, ,
-4, ,2, ,
-4, ,2, ,
-4, ,2, ,
-4, ,2, ,
-4, ,2, ,
-4, ,2, ,
-3, ,2, ,
-4, ,2, ,
-4, ,2, ,
-3, ,2, ,
-3, ,2, ,
-5, ,2, ,
-4, ,2, ,
-3, ,2, ,
-4, ,2, ,
-3, ,2, ,
-4, ,2, ,
-4, ,2, ,
-3, ,2, ,
-4, ,2, ,
-4, ,2, ,
-4, ,2, ,
-4, ,2, ,
-4, ,2, ,
-3, ,2, ,
-3, ,2, ,
-3, ,2, ,
-4, ,2, ,
-4, ,2, ,
-3, ,2, ,
-4, ,2, ,
-3, ,2, ,
-3, ,2, ,
-4, ,2, ,
-4, ,2, ,
-5, ,2, ,
-3, ,2, ,
-4, ,2, ,
-3, ,2, ,
-4, ,2, ,
-4, ,2, ,
-3, ,2, ,
-3, ,2, ,
-4, ,2, ,
-4, ,2, ,
-4, ,2, ,
-4, ,2, ,
-3, ,2, ,
-4, ,2, ,
-3, ,2, ,
-4, ,2, ,
-3, ,2, ,
-4, ,2, ,
-4, ,2, ,
-3, ,2, ,
-4, ,0, ,
-4, ,2, ,
-4, ,2, ,
-4, ,2, ,
-3, ,2, ,
-3, ,2, ,
-3, ,2, ,
-4, ,2, ,
-3, ,2, ,
-4, ,2, ,
-4, ,2, ,
-4, ,2, ,
-3, ,2, ,
-5, ,2, ,
-4, ,2, ,
-3, ,2, ,
-4, ,2, ,
-4, ,2, ,
-3, ,2, ,
-3, ,2, ,
-4, ,2, ,
-3, ,0, ,
-4, ,2, ,
-4, ,2, ,
-4, ,2, ,
-3, ,2, ,
-4, ,2, ,
-3, ,2, ,
-4, ,2, ,
-4, ,2, ,
-3, ,2, ,
-3, ,2, ,
-4, ,2, ,
-4, ,2, ,
-3, ,2, ,
-4, ,2, ,
-4, ,2, ,
-4, ,2, ,
-3, ,2, ,
-3, ,2, ,
-4, ,2, ,
-5, ,2, ,
-4, ,2, ,
-3, ,2, ,
-4, ,2, ,
-4, ,2, ,
-3, ,2, ,
-5, ,2, ,
-4, ,2, ,
-3, ,2, ,
-4, ,2, ,
-4, ,2, ,
-3, ,0, ,
-3, ,2, ,
-4, ,2, ,
-3, ,2, ,
-4, ,2, ,
-4, ,2, ,
-4, ,2, ,
-4, ,2, ,
-5, ,2, ,
-4, ,2, ,
-4, ,2, ,
-4, ,2, ,
-4, ,2, ,
-4, ,2, ,
-3, ,2, ,
-4, ,2, ,
-4, ,2, ,
-4, ,2, ,
-4, ,2, ,
-4, ,2, ,
-3, ,2, ,
-4, ,2, ,
-4, ,2, ,
-4, ,2, ,
-4, ,2, ,
-5, ,2, ,
-4, ,2, ,
-4, ,2, ,
-4, ,2, ,
-4, ,2, ,
-4, ,2, ,
-4, ,2, ,
-4, ,2, ,
-4, ,2, ,
-4, ,2, ,
-3, ,2, ,
-4, ,2, ,
-3, ,2, ,
-4, ,2, ,
-3, ,2, ,
-4, ,2, ,
-4, ,2, ,
-3, ,2, ,
-3, ,2, ,
-4, ,2, ,
-3, ,2, ,
-4, ,2, ,
-4, ,2, ,
-3, ,2, ,
-5, ,2, ,
-3, ,2, ,
-4, ,2, ,
-3, ,2, ,
-3, ,2, ,
-3, ,2, ,
-3, ,2, ,
-4, ,2, ,
-4, ,2, ,
-4, ,0, ,
-4, ,2, ,
-3, ,2, ,
-4, ,2, ,
-3, ,2, ,
-4, ,2, ,
-4, ,2, ,
-4, ,2, ,
-4, ,2, ,
-4, ,2, ,
-3, ,2, ,
-4, ,2, ,
-4, ,0, ,
-4, ,2, ,
-3, ,2, ,
-3, ,2, ,
-4, ,2, ,
-4, ,2, ,
-4, ,2, ,
-3, ,2, ,
-3, ,2, ,
-4, ,2, ,
-3, ,2, ,
-4, ,2, ,
-4, ,2, ,
-4, ,2, ,
-3, ,2, ,
-3, ,2, ,
-4, ,2, ,
-3, ,2, ,
-4, ,2, ,
-4, ,2, ,
-4, ,2, ,
-4, ,2, ,
-3, ,2, ,
-3, ,2, ,
-4, ,0, ,
-4, ,2, ,
-4, ,2, ,
-4, ,2, ,
-3, ,2, ,
-3, ,2, ,
-4, ,2, ,
-5, ,2, ,
-3, ,2, ,
-4, ,2, ,
-4, ,2, ,
-4, ,2, ,
-4, ,2, ,
-5, ,2, ,
-3, ,2, ,
-4, ,2, ,
-3, ,2, ,
-3, ,2, ,
-3, ,2, ,
-3, ,2, ,
-4, ,2, ,
-4, ,2, ,
-5, ,2, ,
-3, ,2, ,
-4, ,0, ,
-3, ,2, ,
-4, ,2, ,
-4, ,2, ,
-5, ,2, ,
-4, ,2, ,
-4, ,2, ,
-4, ,2, ,
-4, ,2, ,
-3, ,2, ,
-4, ,2, ,
-4, ,2, ,
-4, ,2, ,
-4, ,2, ,
-3, ,2, ,
-3, ,2, ,
-5, ,2, ,
-4, ,2, ,
-3, ,2, ,
-4, ,2, ,
-4, ,2, ,
-4, ,2, ,
-3, ,2, ,
-4, ,2, ,
-3, ,2, ,
-3, ,2, ,
-4, ,2, ,
-4, ,2, ,
-5, ,2, ,
-4, ,2, ,
-4, ,2, ,
-3, ,2, ,
-4, ,2, ,
-4, ,2, ,
-3, ,2, ,
-3, ,2, ,
-4, ,2, ,
-3, ,2, ,
-4, ,2, ,
-4, ,2, ,
-3, ,2, ,
-3, ,2, ,
-4, ,2, ,
-5, ,2, ,
-4, ,2, ,
-3, ,2, ,
-4, ,2, ,
-4, ,2, ,
-3, ,2, ,
-3, ,2, ,
-4, ,2, ,
-3, ,2, ,
-4, ,2, ,
-3, ,2, ,
-4, ,2, ,
-3, ,2, ,
-4, ,2, ,
-3, ,2, ,
-4, ,2, ,
-4, ,2, ,
-3, ,2, ,
-5, ,2, ,
-3, ,2, ,
-4, ,2, ,
-4, ,2, ,
-3, ,2, ,
-4, ,2, ,
-4, ,2, ,
-3, ,2, ,
-4, ,2, ,
-4, ,2, ,
-3, ,2, ,
-4, ,2, ,
-4, ,2, ,
-4, ,2, ,
-4, ,2, ,
-5, ,2, ,
-4, ,2, ,
-4, ,2, ,
-4, ,2, ,
-3, ,2, ,
-4, ,2, ,
-4, ,0, ,
-3, ,2, ,
-4, ,2, ,
-4, ,2, ,
-3, ,2, ,
-3, ,2, ,
-5, ,2, ,
-3, ,2, ,
-4, ,2, ,
-4, ,2, ,
-3, ,2, ,
-3, ,2, ,
-5, ,2, ,
-3, ,2, ,
-4, ,2, ,
-3, ,2, ,
-4, ,2, ,
-4, ,2, ,
-3, ,2, ,
-4, ,2, ,
-3, ,0, ,
-3, ,2, ,
-4, ,2, ,
-4, ,2, ,
-3, ,2, ,
-4, ,2, ,
-4, ,2, ,
-3, ,2, ,
-4, ,2, ,
-4, ,2, ,
-3, ,2, ,
-3, ,2, ,
-4, ,2, ,
-4, ,2, ,
-3, ,2, ,
-4, ,2, ,
-4, ,2, ,
-4, ,0, ,
-4, ,2, ,
-5, ,2, ,
-3, ,2, ,
-4, ,2, ,
-4, ,2, ,
-3, ,2, ,
-3, ,2, ,
-3, ,2, ,
-4, ,2, ,
-4, ,2, ,
-3, ,2, ,
-3, ,2, ,
-3, ,2, ,
-3, ,2, ,
-4, ,2, ,
-3, ,2, ,
-5, ,2, ,
-3, ,2, ,
-4, ,2, ,
-4, ,2, ,
-4, ,2, ,
-4, ,2, ,
-3, ,2, ,
-4, ,2, ,
-3, ,2, ,
-4, ,2, ,
-3, ,2, ,
-4, ,2, ,
-4, ,2, ,
-4, ,2, ,
-4, ,2, ,
-4, ,2, ,
-3, ,3, ,
-4, ,2, ,
-3, ,2, ,
-4, ,2, ,
-4, ,2, ,
-4, ,2, ,
-4, ,2, ,
-4, ,2, ,
-5, ,2, ,
-4, ,2, ,
-3, ,2, ,
-4, ,2, ,
-3, ,2, ,
-4, ,2, ,
-3, ,0, ,
-3, ,2, ,
-4, ,2, ,
-4, ,2, ,
-3, ,2, ,
-4, ,2, ,
-4, ,2, ,
-3, ,2, ,
-3, ,2, ,
-4, ,2, ,
-3, ,2, ,
-4, ,2, ,
-4, ,2, ,
-4, ,2, ,
-3, ,2, ,
-3, ,2, ,
-5, ,2, ,
-4, ,2, ,
-3, ,2, ,
-4, ,2, ,
-3, ,2, ,
-4, ,2, ,
-4, ,2, ,
-3, ,2, ,
-3, ,2, ,
-3, ,2, ,
-4, ,2, ,
-4, ,0, ,
-5, ,2, ,
-3, ,2, ,
-4, ,2, ,
-4, ,2, ,
-3, ,2, ,
-5, ,2, ,
-4, ,2, ,
-3, ,2, ,
-4, ,2, ,
-4, ,2, ,
-4, ,2, ,
-3, ,2, ,
-4, ,2, ,
-4, ,2, ,
-4, ,2, ,
-4, ,2, ,
-3, ,2, ,
-3, ,2, ,
-5, ,2, ,
-4, ,2, ,
-3, ,2, ,
-3, ,2, ,
-4, ,2, ,
-4, ,2, ,
-3, ,2, ,
-4, ,2, ,
-3, ,2, ,
-3, ,2, ,
-4, ,2, ,
-4, ,2, ,
-5, ,2, ,
-4, ,2, ,
-3, ,2, ,
-3, ,0, ,
-4, ,2, ,
-4, ,2, ,
-5, ,2, ,
-3, ,2, ,
-4, ,2, ,
-4, ,2, ,
-4, ,2, ,
-5, ,2, ,
-4, ,2, ,
-4, ,2, ,
-4, ,2, ,
-4, ,2, ,
-3, ,2, ,
-3, ,2, ,
-4, ,2, ,
-3, ,3, ,
-4, ,2, ,
-4, ,2, ,
-3, ,2, ,
-3, ,2, ,
-4, ,2, ,
-4, ,2, ,
-4, ,2, ,
-3, ,2, ,
-4, ,2, ,
-4, ,2, ,
-4, ,2, ,
-4, ,2, ,
-4, ,2, ,
-4, ,2, ,
-4, ,0, ,
-4, ,2, ,
-4, ,2, ,
-4, ,2, ,
-4, ,2, ,
-4, ,2, ,
-4, ,2, ,
-4, ,2, ,
-3, ,2, ,
-4, ,2, ,
-4, ,2, ,
-3, ,2, ,
-4, ,2, ,
-5, ,2, ,
-3, ,2, ,
-4, ,2, ,
-4, ,2, ,
-4, ,2, ,
-3, ,2, ,
-4, ,2, ,
-4, ,2, ,
-3, ,2, ,
-4, ,2, ,
-4, ,2, ,
-3, ,2, ,
-3, ,2, ,
-5, ,2, ,
-3, ,2, ,
-4, ,2, ,
-3, ,2, ,
-4, ,2, ,
-4, ,2, ,
-3, ,2, ,
-3, ,2, ,
-4, ,2, ,
-3, ,2, ,
-4, ,2, ,
-4, ,2, ,
-5, ,2, ,
-3, ,2, ,
-4, ,0, ,
-4, ,2, ,
-4, ,2, ,
-4, ,2, ,
-4, ,2, ,
-4, ,2, ,
-3, ,2, ,
-3, ,2, ,
-3, ,2, ,
-3, ,2, ,
-4, ,2, ,
-3, ,2, ,
-5, ,0, ,
-3, ,2, ,
-4, ,2, ,
-4, ,2, ,
-3, ,2, ,
-5, ,2, ,
-4, ,2, ,
-4, ,2, ,
-4, ,2, ,
-4, ,2, ,
-3, ,2, ,
-3, ,2, ,
-4, ,2, ,
-4, ,2, ,
-4, ,2, ,
-3, ,2, ,
-3, ,2, ,
-4, ,2, ,
-4, ,2, ,
-4, ,2, ,
-5, ,2, ,
-3, ,2, ,
-4, ,2, ,
-3, ,2, ,
-4, ,2, ,
-4, ,2, ,
-3, ,2, ,
-4, ,2, ,
-3, ,2, ,
-3, ,2, ,
-4, ,2, ,
-3, ,2, ,
-5, ,2, ,
-4, ,0, ,
-3, ,2, ,
-3, ,2, ,
-4, ,0, ,
-4, ,2, ,
-3, ,2, ,
-3, ,2, ,
-4, ,2, ,
-5, ,2, ,
-3, ,2, ,
-4, ,2, ,
-4, ,2, ,
-4, ,2, ,
-4, ,2, ,
-4, ,2, ,
-3, ,2, ,
-4, ,2, ,
-4, ,2, ,
-3, ,2, ,
-4, ,2, ,
-5, ,2, ,
-4, ,2, ,
-4, ,2, ,
-4, ,2, ,
-3, ,2, ,
-4, ,2, ,
-3, ,2, ,
-4, ,2, ,
-4, ,0, ,
-3, ,2, ,
-4, ,2, ,
-3, ,2, ,
-3, ,2, ,
-4, ,2, ,
-4, ,2, ,
-3, ,2, ,
-3, ,2, ,
-3, ,2, ,
-4, ,2, ,
-3, ,2, ,
-4, ,2, ,
-3, ,2, ,
-4, ,2, ,
-3, ,2, ,
-3, ,2, ,
-4, ,2, ,
-4, ,2, ,
-3, ,2, ,
-4, ,2, ,
-4, ,2, ,
-4, ,2, ,
-4, ,2, ,
-3, ,2, ,
-5, ,2, ,
-4, ,2, ,
-4, ,2, ,
-4, ,2, ,
-3, ,2, ,
-4, ,2, ,
-3, ,2, ,
-4, ,2, ,
-4, ,2, ,
-3, ,2, ,
-3, ,2, ,
-4, ,2, ,
-4, ,2, ,
-4, ,2, ,
-4, ,2, ,
-4, ,2, ,
-4, ,2, ,
-4, ,2, ,
-4, ,2, ,
-4, ,2, ,
-4, ,2, ,
-3, ,2, ,
-4, ,2, ,
-4, ,2, ,
-3, ,2, ,
-3, ,2, ,
-4, ,2, ,
-4, ,2, ,
-4, ,2, ,
-4, ,2, ,
-4, ,2, ,
-3, ,2, ,
-4, ,2, ,
-4, ,2, ,
-4, ,2, ,
-4, ,2, ,
-3, ,2, ,
-5, ,2, ,
-3, ,2, ,
-4, ,2, ,
-3, ,2, ,
-3, ,2, ,
-4, ,2, ,
-4, ,2, ,
-3, ,2, ,
-3, ,2, ,
-4, ,2, ,
-4, ,2, ,
-3, ,2, ,
-5, ,2, ,
-4, ,2, ,
-3, ,2, ,
-4, ,2, ,
-4, ,2, ,
-4, ,2, ,
-4, ,2, ,
-5, ,2, ,
-4, ,2, ,
-4, ,2, ,
-3, ,2, ,
-4, ,2, ,
-4, ,2, ,
-5, ,2, ,
-4, ,2, ,
-4, ,2, ,
-4, ,2, ,
-3, ,2, ,
-3, ,2, ,
-5, ,2, ,
-4, ,2, ,
-4, ,2, ,
-3, ,2, ,
-4, ,2, ,
-4, ,2, ,
-5, ,2, ,
-4, ,2, ,
-4, ,2, ,
-4, ,2, ,
-3, ,2, ,
-3, ,2, ,
-5, ,2, ,
-3, ,2, ,
-4, ,2, ,
-4, ,2, ,
-3, ,2, ,
-5, ,2, ,
-3, ,2, ,
-4, ,2, ,
-4, ,2, ,
-3, ,2, ,
-3, ,2, ,
-4, ,2, ,
-4, ,2, ,
-4, ,2, ,
-3, ,2, ,
-4, ,2, ,
-4, ,2, ,
-4, ,2, ,
-4, ,2, ,
-4, ,2, ,
-5, ,2, ,
-3, ,2, ,
-4, ,2, ,
-4, ,2, ,
-4, ,2, ,
-5, ,2, ,
-4, ,2, ,
-4, ,2, ,
-4, ,2, ,
-3, ,2, ,
-4, ,2, ,
-3, ,2, ,
-4, ,2, ,
-4, ,2, ,
-4, ,2, ,
-3, ,2, ,
-5, ,2, ,
-5, ,2, ,
-3, ,2, ,
-4, ,2, ,
-4, ,2, ,
-3, ,2, ,
-4, ,2, ,
-3, ,2, ,
-4, ,2, ,
-4, ,2, ,
-5, ,2, ,
-4, ,2, ,
-4, ,2, ,
-3, ,2, ,
-4, ,2, ,
-3, ,2, ,
-5, ,2, ,
-3, ,2, ,
-4, ,2, ,
-4, ,2, ,
-4, ,2, ,
-4, ,2, ,
-3, ,2, ,
-4, ,2, ,
-4, ,2, ,
-4, ,2, ,
-3, ,2, ,
-3, ,2, ,
-5, ,2, ,
-3, ,2, ,
-4, ,2, ,
-4, ,2, ,
-3, ,2, ,
-3, ,2, ,
-5, ,2, ,
-4, ,2, ,
-4, ,2, ,
-4, ,2, ,
-3, ,2, ,
-5, ,2, ,
-3, ,2, ,
-4, ,2, ,
-4, ,2, ,
-4, ,2, ,
-3, ,2, ,
-3, ,2, ,
-4, ,2, ,
-4, ,2, ,
-4, ,2, ,
-4, ,2, ,
-4, ,2, ,
-3, ,2, ,
-5, ,2, ,
-3, ,0, ,
-4, ,2, ,
-3, ,2, ,
-4, ,2, ,
-3, ,2, ,
-5, ,2, ,
-3, ,2, ,
-4, ,2, ,
-4, ,2, ,
-3, ,2, ,
-5, ,2, ,
-4, ,2, ,
-4, ,2, ,
-4, ,2, ,
-4, ,2, ,
-3, ,2, ,
-5, ,2, ,
-4, ,2, ,
-4, ,2, ,
-4, ,2, ,
-4, ,2, ,
-3, ,2, ,
-3, ,2, ,
-5, ,2, ,
-4, ,2, ,
-4, ,2, ,
-4, ,2, ,
-4, ,2, ,
-4, ,2, ,
-3, ,2, ,
-3, ,2, ,
-4, ,2, ,
-4, ,2, ,
-4, ,2, ,
-4, ,2, ,
-4, ,2, ,
-4, ,2, ,
-4, ,2, ,
-5, ,2, ,
-4, ,2, ,
-4, ,2, ,
-4, ,2, ,
-4, ,2, ,
-3, ,2, ,
-5, ,2, ,
-4, ,2, ,
-3, ,2, ,
-4, ,2, ,
-4, ,2, ,
-4, ,2, ,
-4, ,2, ,
-3, ,2, ,
-4, ,2, ,
-4, ,2, ,
-4, ,2, ,
-3, ,2, ,
-3, ,2, ,
-4, ,2, ,
-4, ,2, ,
-4, ,2, ,
-4, ,2, ,
-3, ,2, ,
-3, ,2, ,
-5, ,2, ,
-4, ,2, ,
-3, ,2, ,
-4, ,2, ,
-3, ,2, ,
-4, ,0, ,
-4, ,2, ,
-4, ,2, ,
-3, ,2, ,
-5, ,2, ,
-3, ,2, ,
-4, ,2, ,
-4, ,2, ,
-4, ,2, ,
-4, ,2, ,
-4, ,0, ,
-3, ,2, ,
-4, ,2, ,
-3, ,2, ,
-4, ,2, ,
-4, ,2, ,
-3, ,2, ,
-4, ,2, ,
-4, ,2, ,
-3, ,2, ,
-4, ,2, ,
-4, ,0, ,
-4, ,2, ,
-4, ,2, ,
-3, ,2, ,
-4, ,3, ,
-4, ,2, ,
-4, ,2, ,
-3, ,2, ,
-4, ,2, ,
-4, ,2, ,
-3, ,2, ,
-3, ,2, ,
-3, ,2, ,
-3, ,2, ,
-4, ,2, ,
-3, ,2, ,
-4, ,2, ,
-3, ,2, ,
-4, ,2, ,
-4, ,2, ,
-3, ,2, ,
-5, ,2, ,
-3, ,2, ,
-4, ,2, ,
-4, ,2, ,
-4, ,2, ,
-3, ,0, ,
-3, ,2, ,
-4, ,2, ,
-3, ,2, ,
-4, ,2, ,
-4, ,2, ,
-3, ,2, ,
-3, ,2, ,
-4, ,2, ,
-3, ,2, ,
-4, ,2, ,
-3, ,2, ,
-4, ,2, ,
-4, ,2, ,
-3, ,2, ,
-3, ,2, ,
-3, ,2, ,
-3, ,2, ,
-4, ,2, ,
-3, ,2, ,
-4, ,2, ,
-3, ,2, ,
-4, ,2, ,
-4, ,2, ,
-3, ,2, ,
-3, ,2, ,
-4, ,2, ,
-3, ,2, ,
-4, ,2, ,
-4, ,2, ,
-4, ,2, ,
-3, ,2, ,
-5, ,2, ,
-3, ,2, ,
-4, ,2, ,
-4, ,2, ,
-3, ,2, ,
-5, ,2, ,
-3, ,2, ,
-4, ,2, ,
-4, ,2, ,
-4, ,2, ,
-4, ,2, ,
-3, ,2, ,
-4, ,2, ,
-4, ,2, ,
-4, ,2, ,
-4, ,2, ,
-4, ,2, ,
-5, ,2, ,
-4, ,2, ,
-3, ,2, ,
-4, ,2, ,
-3, ,2, ,
-4, ,2, ,
-4, ,2, ,
-4, ,2, ,
-4, ,2, ,
-3, ,2, ,
-4, ,2, ,
-4, ,2, ,
-3, ,2, ,
-4, ,2, ,
-4, ,2, ,
-3, ,2, ,
-5, ,2, ,
-3, ,2, ,
-4, ,0, ,
-3, ,2, ,
-4, ,2, ,
-3, ,2, ,
-3, ,2, ,
-4, ,2, ,
-4, ,2, ,
-3, ,2, ,
-3, ,2, ,
-4, ,2, ,
-4, ,2, ,
-3, ,2, ,
-4, ,2, ,
-3, ,2, ,
-3, ,2, ,
-3, ,2, ,
-3, ,2, ,
-4, ,2, ,
-4, ,2, ,
-3, ,2, ,
-3, ,2, ,
-4, ,2, ,
-4, ,2, ,
-3, ,2, ,
-4, ,2, ,
-4, ,2, ,
-4, ,2, ,
-3, ,2, ,
-3, ,0, ,
-4, ,2, ,
-4, ,2, ,
-3, ,2, ,
-3, ,2, ,
-4, ,2, ,
-3, ,2, ,
-4, ,2, ,
-4, ,2, ,
-4, ,2, ,
-4, ,2, ,
-3, ,2, ,
-5, ,2, ,
-4, ,0, ,
-4, ,2, ,
-4, ,2, ,
-4, ,2, ,
-4, ,2, ,
-4, ,2, ,
-4, ,0, ,
-4, ,2, ,
-4, ,2, ,
-3, ,2, ,
-4, ,0, ,
-4, ,2, ,
-5, ,0, ,
-4, ,2, ,
-3, ,2, ,
-4, ,2, ,
-4, ,2, ,
-4, ,2, ,
-3, ,2, ,
-4, ,2, ,
-3, ,2, ,
-3, ,2, ,
-4, ,2, ,
-4, ,2, ,
-3, ,2, ,
-3, ,2, ,
-3, ,2, ,
-3, ,2, ,
-4, ,2, ,
-4, ,2, ,
-3, ,2, ,
-3, ,2, ,
-4, ,2, ,
-4, ,2, ,
-3, ,2, ,
-4, ,2, ,
-4, ,2, ,
-3, ,2, ,
-4, ,2, ,
-4, ,2, ,
-3, ,2, ,
-4, ,2, ,
-4, ,2, ,
-4, ,2, ,
-4, ,2, ,
-3, ,2, ,
-5, ,2, ,
-3, ,2, ,
-4, ,2, ,
-4, ,2, ,
-3, ,2, ,
-3, ,2, ,
-5, ,2, ,
-3, ,2, ,
-4, ,2, ,
-4, ,2, ,
-4, ,2, ,
-3, ,2, ,
-5, ,2, ,
-4, ,2, ,
-4, ,2, ,
-4, ,2, ,
-4, ,2, ,
-4, ,2, ,
-5, ,2, ,
-4, ,2, ,
-4, ,2, ,
-4, ,2, ,
-3, ,2, ,
-3, ,2, ,
-4, ,2, ,
-3, ,2, ,
-4, ,2, ,
-4, ,2, ,
-4, ,2, ,
-4, ,2, ,
-3, ,2, ,
-4, ,2, ,
-4, ,2, ,
-4, ,2, ,
-4, ,2, ,
-4, ,2, ,
-3, ,2, ,
-4, ,0, ,
-4, ,2, ,
-3, ,2, ,
-4, ,2, ,
-5, ,2, ,
-4, ,2, ,
-3, ,2, ,
-4, ,2, ,
-4, ,2, ,
-4, ,2, ,
-3, ,2, ,
-4, ,2, ,
-3, ,2, ,
-4, ,2, ,
-4, ,2, ,
-3, ,2, ,
-5, ,2, ,
-4, ,2, ,
-3, ,2, ,
-4, ,2, ,
-4, ,2, ,
-3, ,2, ,
-4, ,2, ,
-3, ,2, ,
-4, ,2, ,
-4, ,2, ,
-4, ,2, ,
-3, ,2, ,
-3, ,2, ,
-5, ,2, ,
-4, ,2, ,
-4, ,2, ,
-4, ,2, ,
-4, ,2, ,
-3, ,2, ,
-5, ,2, ,
-4, ,2, ,
-3, ,0, ,
-4, ,2, ,
-4, ,2, ,
-4, ,2, ,
-3, ,2, ,
-3, ,2, ,
-4, ,2, ,
-4, ,2, ,
-3, ,2, ,
-4, ,2, ,
-4, ,2, ,
-4, ,2, ,
-3, ,2, ,
-3, ,2, ,
-3, ,2, ,
-3, ,2, ,
-4, ,2, ,
-4, ,2, ,
-4, ,2, ,
-4, ,2, ,
-5, ,2, ,
-3, ,2, ,
-4, ,2, ,
-4, ,2, ,
-4, ,2, ,
-4, ,2, ,
-4, ,2, ,
-3, ,2, ,
-4, ,2, ,
-4, ,2, ,
-3, ,2, ,
-5, ,2, ,
-4, ,2, ,
-3, ,2, ,
-4, ,2, ,
-4, ,2, ,
-4, ,2, ,
-4, ,2, ,
-3, ,2, ,
-4, ,2, ,
-4, ,2, ,
-3, ,2, ,
-4, ,2, ,
-4, ,2, ,
-3, ,2, ,
-3, ,2, ,
-3, ,2, ,
-4, ,2, ,
-4, ,2, ,
-3, ,2, ,
-4, ,2, ,
-3, ,2, ,
-4, ,2, ,
-4, ,2, ,
-3, ,2, ,
-5, ,2, ,
-3, ,2, ,
-4, ,2, ,
-4, ,2, ,
-4, ,2, ,
-3, ,2, ,
-4, ,2, ,
-4, ,2, ,
-4, ,2, ,
-4, ,2, ,
-4, ,2, ,
-3, ,2, ,
-5, ,2, ,
-4, ,2, ,
-4, ,2, ,
-4, ,2, ,
-4, ,2, ,
-3, ,2, ,
-5, ,2, ,
-3, ,2, ,
-4, ,2, ,
-4, ,3, ,
-4, ,2, ,
-4, ,2, ,
-5, ,2, ,
-4, ,2, ,
-3, ,2, ,
-4, ,2, ,
-4, ,2, ,
-3, ,2, ,
-5, ,2, ,
-3, ,2, ,
-4, ,2, ,
-3, ,2, ,
-4, ,2, ,
-4, ,2, ,
-4, ,2, ,
-4, ,2, ,
-4, ,2, ,
-3, ,2, ,
-3, ,2, ,
-4, ,2, ,
-4, ,2, ,
-3, ,2, ,
-4, ,2, ,
-3, ,2, ,
-4, ,2, ,
-4, ,2, ,
-3, ,2, ,
-4, ,2, ,
-4, ,2, ,
-4, ,2, ,
-3, ,2, ,
-3, ,2, ,
-4, ,2, ,
-3, ,2, ,
-4, ,2, ,
-4, ,2, ,
-4, ,2, ,
-3, ,2, ,
-3, ,2, ,
-5, ,2, ,
-4, ,2, ,
-3, ,2, ,
-4, ,2, ,
-4, ,2, ,
-4, ,2, ,
-3, ,2, ,
-3, ,2, ,
-4, ,2, ,
-4, ,2, ,
-4, ,2, ,
-4, ,2, ,
-3, ,2, ,
-4, ,2, ,
-4, ,2, ,
-4, ,2, ,
-4, ,2, ,
-4, ,2, ,
-5, ,2, ,
-4, ,2, ,
-4, ,2, ,
-3, ,2, ,
-4, ,2, ,
-4, ,2, ,
-5, ,2, ,
-3, ,2, ,
-4, ,2, ,
-4, ,2, ,
-3, ,2, ,
-5, ,2, ,
-3, ,2, ,
-4, ,2, ,
-4, ,2, ,
-4, ,2, ,
-4, ,2, ,
-3, ,2, ,
-5, ,2, ,
-3, ,2, ,
-4, ,2, ,
-4, ,2, ,
-4, ,2, ,
-4, ,2, ,
-4, ,2, ,
-3, ,2, ,
-4, ,2, ,
-3, ,2, ,
-4, ,0, ,
-4, ,2, ,
-3, ,2, ,
-3, ,2, ,
-3, ,2, ,
-4, ,2, ,
-3, ,2, ,
-4, ,3, ,
-4, ,2, ,
-4, ,2, ,
-3, ,2, ,
-5, ,2, ,
-4, ,2, ,
-4, ,2, ,
-4, ,2, ,
-4, ,2, ,
-3, ,2, ,
-5, ,2, ,
-3, ,2, ,
-4, ,2, ,
-4, ,2, ,
-4, ,2, ,
-3, ,2, ,
-5, ,2, ,
-4, ,2, ,
-4, ,2, ,
-4, ,2, ,
-4, ,2, ,
-4, ,2, ,
-4, ,2, ,
-4, ,2, ,
-4, ,2, ,
-4, ,2, ,
-4, ,2, ,
-3, ,2, ,
-3, ,2, ,
-5, ,2, ,
-4, ,2, ,
-4, ,2, ,
-4, ,2, ,
-3, ,2, ,
-3, ,2, ,
-5, ,2, ,
-4, ,2, ,
-3, ,2, ,
-4, ,2, ,
-4, ,2, ,
-4, ,2, ,
-3, ,2, ,
-3, ,2, ,
-3, ,2, ,
-4, ,2, ,
-3, ,2, ,
-4, ,2, ,
-4, ,2, ,
-4, ,2, ,
-4, ,2, ,
-5, ,2, ,
-4, ,2, ,
-3, ,2, ,
-4, ,2, ,
-3, ,2, ,
-4, ,2, ,
-4, ,2, ,
-4, ,2, ,
-4, ,2, ,
-5, ,2, ,
-4, ,2, ,
-4, ,2, ,
-3, ,2, ,
-4, ,2, ,
-4, ,2, ,
-3, ,2, ,
-4, ,2, ,
-4, ,2, ,
-4, ,2, ,
-3, ,2, ,
-3, ,2, ,
-5, ,2, ,
-3, ,2, ,
-4, ,2, ,
-3, ,2, ,
-4, ,2, ,
-4, ,2, ,
-4, ,2, ,
-4, ,2, ,
-4, ,3, ,
-5, ,2, ,
-4, ,2, ,
-3, ,2, ,
-4, ,0, ,
-4, ,2, ,
-3, ,2, ,
-4, ,2, ,
-4, ,2, ,
-4, ,2, ,
-4, ,2, ,
-4, ,2, ,
-4, ,2, ,
-4, ,2, ,
-4, ,2, ,
-4, ,2, ,
-5, ,2, ,
-4, ,2, ,
-3, ,2, ,
-4, ,2, ,
-3, ,2, ,
-4, ,2, ,
-4, ,2, ,
-4, ,2, ,
-4, ,2, ,
-4, ,2, ,
-3, ,2, ,
-4, ,2, ,
-4, ,2, ,
-4, ,2, ,
-3, ,2, ,
-3, ,2, ,
-5, ,2, ,
-3, ,2, ,
-4, ,2, ,
-4, ,2, ,
-3, ,2, ,
-5, ,2, ,
-4, ,2, ,
-3, ,2, ,
-4, ,2, ,
-4, ,2, ,
-4, ,2, ,
-3, ,2, ,
-5, ,2, ,
-4, ,2, ,
-4, ,2, ,
-3, ,2, ,
-4, ,2, ,
-4, ,2, ,
-5, ,2, ,
-4, ,2, ,
-4, ,2, ,
-4, ,2, ,
-4, ,2, ,
-3, ,2, ,
-5, ,2, ,
-4, ,2, ,
-3, ,2, ,
-4, ,2, ,
-4, ,2, ,
-4, ,2, ,
-4, ,2, ,
-4, ,2, ,
-4, ,2, ,
-3, ,2, ,
-4, ,2, ,
-4, ,2, ,
-4, ,2, ,
-3, ,2, ,
-4, ,2, ,
-4, ,2, ,
-4, ,2, ,
-3, ,2, ,
-4, ,2, ,
-3, ,2, ,
-4, ,2, ,
-4, ,2, ,
-4, ,2, ,
-3, ,2, ,
-4, ,2, ,
-4, ,2, ,
-4, ,2, ,
-3, ,2, ,
-3, ,2, ,
-4, ,2, ,
-4, ,2, ,
-4, ,2, ,
-3, ,2, ,
-5, ,2, ,
-4, ,2, ,
-4, ,2, ,
-4, ,2, ,
-4, ,2, ,
-3, ,2, ,
-5, ,2, ,
-3, ,2, ,
-4, ,2, ,
-3, ,2, ,
-3, ,2, ,
-4, ,2, ,
-4, ,2, ,
-4, ,2, ,
-4, ,2, ,
-4, ,2, ,
-4, ,2, ,
-4, ,2, ,
-5, ,2, ,
-4, ,0, ,
-4, ,2, ,
-4, ,2, ,
-4, ,2, ,
-3, ,2, ,
-5, ,2, ,
-3, ,2, ,
-4, ,2, ,
-4, ,2, ,
-3, ,2, ,
-3, ,2, ,
-3, ,2, ,
-4, ,2, ,
-4, ,2, ,
-4, ,2, ,
-3, ,2, ,
-4, ,2, ,
-4, ,2, ,
-4, ,2, ,
-4, ,2, ,
-4, ,2, ,
-3, ,2, ,
-4, ,2, ,
-5, ,2, ,
-4, ,2, ,
-3, ,2, ,
-4, ,2, ,
-4, ,2, ,
-3, ,2, ,
-5, ,2, ,
-4, ,2, ,
-4, ,2, ,
-4, ,2, ,
-4, ,2, ,
-4, ,2, ,
-5, ,2, ,
-4, ,2, ,
-3, ,2, ,
-4, ,2, ,
-4, ,2, ,
-4, ,2, ,
-4, ,2, ,
-3, ,2, ,
-3, ,2, ,
-3, ,2, ,
-4, ,2, ,
-3, ,2, ,
-4, ,2, ,
-4, ,2, ,
-3, ,2, ,
-4, ,2, ,
-3, ,2, ,
-4, ,2, ,
-4, ,2, ,
-4, ,2, ,
-4, ,2, ,
-4, ,2, ,
-4, ,2, ,
-4, ,2, ,
-4, ,2, ,
-3, ,2, ,
-3, ,2, ,
-3, ,2, ,
-4, ,2, ,
-3, ,2, ,
-4, ,2, ,
-4, ,2, ,
-3, ,2, ,
-4, ,2, ,
-4, ,2, ,
-3, ,2, ,
-4, ,2, ,
-4, ,2, ,
-4, ,2, ,
-3, ,2, ,
-5, ,2, ,
-4, ,2, ,
-3, ,2, ,
-4, ,2, ,
-4, ,2, ,
-4, ,2, ,
-4, ,2, ,
-3, ,2, ,
-4, ,2, ,
-4, ,2, ,
-4, ,2, ,
-4, ,2, ,
-3, ,2, ,
-4, ,2, ,
-3, ,2, ,
-4, ,2, ,
-4, ,2, ,
-4, ,2, ,
-4, ,3, ,
-4, ,2, ,
-4, ,2, ,
-4, ,2, ,
-3, ,2, ,
-3, ,2, ,
-3, ,2, ,
-4, ,2, ,
-4, ,2, ,
-3, ,2, ,
-4, ,2, ,
-3, ,3, ,
-3, ,2, ,
-4, ,2, ,
-4, ,2, ,
-3, ,2, ,
-4, ,2, ,
-4, ,3, ,
-3, ,0, ,
-4, ,2, ,
-4, ,2, ,
-5, ,2, ,
-3, ,2, ,
-4, ,2, ,
-3, ,2, ,
-4, ,2, ,
-4, ,2, ,
-3, ,2, ,
-4, ,2, ,
-3, ,2, ,
-4, ,2, ,
-4, ,2, ,
-4, ,2, ,
-3, ,2, ,
-4, ,2, ,
-3, ,2, ,
-4, ,2, ,
-3, ,2, ,
-4, ,2, ,
-4, ,2, ,
-4, ,2, ,
-4, ,2, ,
-4, ,2, ,
-3, ,2, ,
-4, ,2, ,
-4, ,2, ,
-4, ,2, ,
-3, ,2, ,
-3, ,2, ,
-5, ,2, ,
-4, ,2, ,
-4, ,2, ,
-3, ,2, ,
-4, ,2, ,
-4, ,2, ,
-3, ,2, ,
-3, ,2, ,
-4, ,2, ,
-4, ,2, ,
-3, ,2, ,
-4, ,2, ,
-4, ,2, ,
-4, ,2, ,
-4, ,2, ,
-4, ,2, ,
-4, ,2, ,
-4, ,2, ,
-5, ,2, ,
-3, ,2, ,
-4, ,2, ,
-4, ,2, ,
-4, ,2, ,
-4, ,2, ,
-5, ,2, ,
-3, ,2, ,
-4, ,2, ,
-4, ,2, ,
-4, ,2, ,
-3, ,2, ,
-4, ,2, ,
-3, ,2, ,
-4, ,2, ,
-3, ,2, ,
-4, ,2, ,
-4, ,2, ,
-3, ,2, ,
-3, ,2, ,
-4, ,2, ,
-5, ,2, ,
-3, ,2, ,
-4, ,2, ,
-3, ,2, ,
-4, ,2, ,
-3, ,2, ,
-4, ,2, ,
-4, ,2, ,
-3, ,2, ,
-4, ,2, ,
-3, ,2, ,
-4, ,2, ,
-4, ,2, ,
-4, ,2, ,
-4, ,2, ,
-3, ,2, ,
-3, ,2, ,
-4, ,0, ,
-4, ,2, ,
-4, ,2, ,
-4, ,2, ,
-3, ,3, ,
-4, ,2, ,
-3, ,2, ,
-4, ,2, ,
-4, ,2, ,
-4, ,2, ,
-3, ,2, ,
-3, ,2, ,
-4, ,2, ,
-5, ,2, ,
-3, ,2, ,
-4, ,2, ,
-4, ,2, ,
-4, ,2, ,
-4, ,2, ,
-5, ,3, ,
-4, ,2, ,
-4, ,2, ,
-4, ,2, ,
-4, ,2, ,
-3, ,2, ,
-5, ,2, ,
-4, ,2, ,
-4, ,3, ,
-4, ,2, ,
-3, ,2, ,
-4, ,2, ,
-4, ,2, ,
-4, ,2, ,
-4, ,0, ,
-5, ,2, ,
-4, ,2, ,
-3, ,2, ,
-3, ,2, ,
-4, ,2, ,
-3, ,2, ,
-4, ,2, ,
-4, ,2, ,
-4, ,2, ,
-3, ,3, ,
-3, ,2, ,
-3, ,2, ,
-4, ,2, ,
-4, ,2, ,
-5, ,2, ,
-3, ,2, ,
-4, ,2, ,
-3, ,2, ,
-4, ,2, ,
-3, ,2, ,
-4, ,2, ,
-4, ,2, ,
-4, ,2, ,
-3, ,2, ,
-4, ,2, ,
-4, ,2, ,
-4, ,2, ,
-4, ,2, ,
-3, ,2, ,
-4, ,2, ,
-4, ,2, ,
-3, ,2, ,
-4, ,2, ,
-4, ,2, ,
-5, ,2, ,
-4, ,2, ,
-4, ,2, ,
-4, ,2, ,
-4, ,2, ,
-4, ,2, ,
-5, ,2, ,
-3, ,0, ,
-4, ,2, ,
-4, ,2, ,
-3, ,2, ,
-5, ,0, ,
-3, ,2, ,
-4, ,2, ,
-4, ,2, ,
-4, ,2, ,
-4, ,2, ,
-4, ,2, ,
-4, ,2, ,
-4, ,2, ,
-3, ,2, ,
-5, ,2, ,
-4, ,2, ,
-4, ,2, ,
-3, ,2, ,
-5, ,2, ,
-4, ,2, ,
-4, ,2, ,
-4, ,2, ,
-4, ,2, ,
-4, ,2, ,
-4, ,2, ,
-4, ,2, ,
-4, ,2, ,
-3, ,2, ,
-4, ,2, ,
-4, ,2, ,
-3, ,2, ,
-4, ,2, ,
-4, ,2, ,
-5, ,2, ,
-4, ,2, ,
-4, ,2, ,
-3, ,2, ,
-4, ,2, ,
-3, ,2, ,
-5, ,2, ,
-3, ,2, ,
-4, ,2, ,
-3, ,2, ,
-4, ,2, ,
-4, ,2, ,
-4, ,2, ,
-3, ,2, ,
-4, ,2, ,
-4, ,2, ,
-4, ,2, ,
-4, ,2, ,
-3, ,2, ,
-4, ,2, ,
-4, ,2, ,
-4, ,2, ,
-4, ,2, ,
-4, ,2, ,
-4, ,2, ,
-3, ,2, ,
-4, ,2, ,
-4, ,2, ,
-4, ,2, ,
-5, ,2, ,
-4, ,2, ,
-4, ,2, ,
-4, ,2, ,
-4, ,2, ,
-3, ,2, ,
-3, ,2, ,
-3, ,2, ,
-4, ,2, ,
-4, ,2, ,
-4, ,2, ,
-3, ,2, ,
-3, ,2, ,
-4, ,2, ,
-3, ,2, ,
-4, ,2, ,
-4, ,2, ,
-4, ,2, ,
-4, ,2, ,
-3, ,2, ,
-3, ,2, ,
-3, ,2, ,
-3, ,2, ,
-4, ,2, ,
-4, ,2, ,
-3, ,2, ,
-4, ,2, ,
-4, ,2, ,
-3, ,2, ,
-4, ,2, ,
-4, ,2, ,
-5, ,2, ,
-4, ,2, ,
-3, ,2, ,
-3, ,0, ,
-4, ,2, ,
-3, ,2, ,
-4, ,2, ,
-3, ,2, ,
-4, ,2, ,
-4, ,2, ,
-3, ,2, ,
-4, ,2, ,
-3, ,2, ,
-4, ,2, ,
-4, ,2, ,
-4, ,2, ,
-3, ,0, ,
-3, ,2, ,
-5, ,2, ,
-3, ,2, ,
-4, ,2, ,
-4, ,2, ,
-4, ,2, ,
-3, ,2, ,
-5, ,2, ,
-3, ,2, ,
-4, ,2, ,
-4, ,2, ,
-3, ,2, ,
-5, ,2, ,
-3, ,2, ,
-4, ,2, ,
-4, ,2, ,
-3, ,2, ,
-3, ,2, ,
-4, ,2, ,
-3, ,2, ,
-4, ,2, ,
-4, ,2, ,
-4, ,2, ,
-3, ,2, ,
-5, ,2, ,
-3, ,2, ,
-4, ,2, ,
-3, ,2, ,
-4, ,2, ,
-4, ,2, ,
-3, ,2, ,
-4, ,2, ,
-4, ,2, ,
-3, ,2, ,
-4, ,2, ,
-4, ,2, ,
-4, ,2, ,
-4, ,2, ,
-3, ,2, ,
-3, ,3, ,
-3, ,2, ,
-4, ,2, ,
-5, ,2, ,
-4, ,2, ,
-4, ,2, ,
-4, ,2, ,
-3, ,2, ,
-3, ,2, ,
-4, ,2, ,
-3, ,2, ,
-4, ,2, ,
-4, ,2, ,
-4, ,2, ,
-3, ,2, ,
-3, ,2, ,
-4, ,2, ,
-3, ,2, ,
-4, ,2, ,
-3, ,2, ,
-4, ,2, ,
-4, ,2, ,
-4, ,2, ,
-4, ,2, ,
-3, ,2, ,
-5, ,2, ,
-3, ,2, ,
-4, ,2, ,
-4, ,2, ,
-4, ,2, ,
-4, ,2, ,
-4, ,2, ,
-3, ,2, ,
-4, ,2, ,
-3, ,2, ,
-4, ,3, ,
-3, ,2, ,
-4, ,2, ,
-4, ,2, ,
-4, ,2, ,
-5, ,2, ,
-3, ,2, ,
-4, ,2, ,
-4, ,2, ,
-3, ,2, ,
-5, ,2, ,
-4, ,2, ,
-3, ,2, ,
-4, ,2, ,
-4, ,2, ,
-3, ,2, ,
-3, ,2, ,
-5, ,0, ,
-3, ,2, ,
-3, ,2, ,
-4, ,2, ,
-3, ,2, ,
-3, ,2, ,
-4, ,2, ,
-3, ,2, ,
-4, ,2, ,
-4, ,2, ,
-3, ,3, ,
-5, ,2, ,
-3, ,2, ,
-3, ,2, ,
-4, ,2, ,
-4, ,2, ,
-4, ,2, ,
-4, ,2, ,
-3, ,2, ,
-4, ,2, ,
-4, ,2, ,
-4, ,2, ,
-4, ,2, ,
-3, ,2, ,
-4, ,2, ,
-3, ,2, ,
-3, ,2, ,
-3, ,2, ,
-4, ,2, ,
-3, ,2, ,
-5, ,2, ,
-4, ,2, ,
-3, ,2, ,
-4, ,2, ,
-4, ,2, ,
-3, ,2, ,
-5, ,2, ,
-3, ,2, ,
-4, ,2, ,
-4, ,2, ,
-4, ,2, ,
-3, ,2, ,
-4, ,2, ,
-3, ,2, ,
-4, ,2, ,
-4, ,2, ,
-4, ,2, ,
-3, ,2, ,
-4, ,2, ,
-3, ,2, ,
-4, ,2, ,
-4, ,2, ,
-4, ,2, ,
-4, ,2, ,
-4, ,2, ,
-3, ,2, ,
-4, ,2, ,
-3, ,2, ,
-4, ,2, ,
-4, ,2, ,
-5, ,2, ,
-4, ,2, ,
-4, ,2, ,
-4, ,2, ,
-3, ,2, ,
-3, ,2, ,
-5, ,2, ,
-4, ,2, ,
-4, ,2, ,
-4, ,2, ,
-4, ,2, ,
-4, ,2, ,
-5, ,2, ,
-4, ,2, ,
-4, ,2, ,
-4, ,2, ,
-3, ,2, ,
-3, ,2, ,
-5, ,2, ,
-3, ,2, ,
-4, ,2, ,
-4, ,2, ,
-3, ,2, ,
-5, ,2, ,
-4, ,2, ,
-3, ,2, ,
-4, ,2, ,
-4, ,2, ,
-3, ,2, ,
-3, ,2, ,
-4, ,2, ,
-3, ,2, ,
-4, ,2, ,
-3, ,2, ,
-4, ,2, ,
-3, ,2, ,
-5, ,2, ,
-4, ,2, ,
-4, ,2, ,
-4, ,2, ,
-4, ,2, ,
-4, ,2, ,
-3, ,2, ,
-3, ,2, ,
-3, ,2, ,
-3, ,2, ,
-4, ,3, ,
-4, ,2, ,
-5, ,2, ,
-3, ,2, ,
-4, ,2, ,
-3, ,2, ,
-4, ,3, ,
-4, ,2, ,
-5, ,2, ,
-3, ,2, ,
-4, ,2, ,
-4, ,2, ,
-4, ,2, ,
-3, ,2, ,
-4, ,2, ,
-4, ,2, ,
-4, ,2, ,
-4, ,2, ,
-3, ,2, ,
-3, ,2, ,
-5, ,2, ,
-4, ,2, ,
-3, ,2, ,
-4, ,2, ,
-4, ,2, ,
-4, ,2, ,
-3, ,2, ,
-4, ,2, ,
-4, ,2, ,
-3, ,2, ,
-4, ,2, ,
-4, ,2, ,
-3, ,2, ,
-4, ,2, ,
-4, ,2, ,
-3, ,2, ,
-4, ,2, ,
-4, ,2, ,
-3, ,2, ,
-4, ,2, ,
-4, ,2, ,
-4, ,0, ,
-4, ,2, ,
-4, ,2, ,
-3, ,2, ,
-3, ,2, ,
-4, ,2, ,
-5, ,2, ,
-4, ,2, ,
-3, ,2, ,
-4, ,2, ,
-4, ,2, ,
-3, ,2, ,
-3, ,2, ,
-5, ,2, ,
-4, ,2, ,
-4, ,2, ,
-3, ,2, ,
-4, ,2, ,
-3, ,2, ,
-4, ,2, ,
-4, ,2, ,
-4, ,2, ,
-4, ,2, ,
-3, ,2, ,
-5, ,2, ,
-4, ,2, ,
-4, ,2, ,
-4, ,2, ,
-4, ,2, ,
-3, ,2, ,
-5, ,2, ,
-4, ,2, ,
-3, ,2, ,
-4, ,2, ,
-4, ,2, ,
-3, ,2, ,
-5, ,2, ,
-4, ,2, ,
-4, ,2, ,
-4, ,2, ,
-4, ,2, ,
-4, ,2, ,
-5, ,2, ,
-3, ,2, ,
-4, ,2, ,
-3, ,2, ,
-3, ,2, ,
-4, ,2, ,
-4, ,2, ,
-4, ,2, ,
-4, ,2, ,
-3, ,2, ,
-3, ,2, ,
-4, ,2, ,
-5, ,2, ,
-3, ,2, ,
-4, ,2, ,
-3, ,2, ,
-3, ,2, ,
-3, ,2, ,
-3, ,2, ,
-4, ,2, ,
-4, ,2, ,
-3, ,2, ,
-3, ,2, ,
-3, ,2, ,
-4, ,2, ,
-4, ,2, ,
-4, ,2, ,
-3, ,2, ,
-4, ,2, ,
-4, ,2, ,
-4, ,2, ,
-3, ,2, ,
-3, ,2, ,
-5, ,2, ,
-3, ,2, ,
-4, ,0, ,
-4, ,2, ,
-3, ,2, ,
-4, ,2, ,
-3, ,2, ,
-4, ,2, ,
-4, ,0, ,
-4, ,2, ,
-3, ,2, ,
-3, ,2, ,
-4, ,2, ,
-3, ,3, ,
-4, ,2, ,
-3, ,2, ,
-4, ,2, ,
-4, ,2, ,
-3, ,2, ,
-3, ,2, ,
-4, ,2, ,
-4, ,2, ,
-4, ,2, ,
-4, ,2, ,
-4, ,2, ,
-3, ,2, ,
-3, ,2, ,
-3, ,2, ,
-4, ,2, ,
-3, ,2, ,
-4, ,2, ,
-4, ,2, ,
-4, ,2, ,
-4, ,2, ,
-4, ,2, ,
-4, ,2, ,
-4, ,2, ,
-4, ,2, ,
-4, ,2, ,
-4, ,2, ,
-3, ,2, ,
-5, ,2, ,
-3, ,2, ,
-4, ,2, ,
-4, ,2, ,
-3, ,2, ,
-4, ,2, ,
-5, ,2, ,
-4, ,2, ,
-3, ,2, ,
-4, ,2, ,
-4, ,2, ,
-3, ,2, ,
-3, ,2, ,
-5, ,2, ,
-4, ,2, ,
-4, ,2, ,
-3, ,2, ,
-4, ,2, ,
-4, ,2, ,
-3, ,2, ,
-3, ,2, ,
-3, ,2, ,
-4, ,2, ,
-4, ,2, ,
-4, ,2, ,
-3, ,2, ,
-4, ,2, ,
-4, ,0, ,
-4, ,2, ,
-4, ,2, ,
-4, ,2, ,
-5, ,2, ,
-4, ,2, ,
-3, ,2, ,
-4, ,2, ,
-4, ,2, ,
-4, ,2, ,
-3, ,2, ,
-4, ,2, ,
-3, ,2, ,
-4, ,2, ,
-3, ,2, ,
-4, ,2, ,
-4, ,2, ,
-3, ,2, ,
-3, ,2, ,
-3, ,2, ,
-4, ,2, ,
-4, ,2, ,
-3, ,2, ,
-3, ,2, ,
-4, ,2, ,
-4, ,2, ,
-4, ,2, ,
-4, ,2, ,
-3, ,2, ,
-3, ,2, ,
-3, ,2, ,
-4, ,2, ,
-4, ,2, ,
-4, ,2, ,
-3, ,2, ,
-4, ,2, ,
-4, ,2, ,
-3, ,2, ,
-4, ,2, ,
-4, ,2, ,
-3, ,2, ,
-4, ,2, ,
-4, ,0, ,
-3, ,2, ,
-4, ,2, ,
-4, ,2, ,
-5, ,2, ,
-3, ,2, ,
-4, ,2, ,
-4, ,2, ,
-4, ,2, ,
-4, ,2, ,
-4, ,2, ,
-3, ,2, ,
-4, ,0, ,
-3, ,2, ,
-4, ,2, ,
-4, ,2, ,
-3, ,2, ,
-4, ,2, ,
-4, ,2, ,
-3, ,2, ,
-4, ,2, ,
-4, ,2, ,
-4, ,2, ,
-4, ,2, ,
-4, ,2, ,
-4, ,2, ,
-3, ,2, ,
-4, ,2, ,
-4, ,3, ,
-3, ,0, ,
-3, ,2, ,
-3, ,2, ,
-4, ,2, ,
-4, ,2, ,
-3, ,2, ,
-3, ,2, ,
-4, ,2, ,
-4, ,2, ,
-3, ,2, ,
-4, ,2, ,
-4, ,2, ,
-4, ,2, ,
-4, ,2, ,
-4, ,2, ,
-4, ,2, ,
-4, ,2, ,
-4, ,2, ,
-3, ,2, ,
-3, ,2, ,
-4, ,2, ,
-4, ,2, ,
-4, ,0, ,
-3, ,2, ,
-3, ,2, ,
-4, ,2, ,
-4, ,2, ,
-4, ,2, ,
-4, ,2, ,
-3, ,2, ,
-4, ,2, ,
-3, ,2, ,
-4, ,0, ,
-3, ,2, ,
-4, ,2, ,
-4, ,2, ,
-4, ,2, ,
-4, ,2, ,
-4, ,2, ,
-5, ,2, ,
-4, ,2, ,
-4, ,2, ,
-3, ,2, ,
-4, ,2, ,
-4, ,2, ,
-3, ,2, ,
-4, ,2, ,
-4, ,2, ,
-4, ,2, ,
-3, ,2, ,
-3, ,2, ,
-4, ,2, ,
-3, ,2, ,
-4, ,2, ,
-4, ,2, ,
-4, ,2, ,
-4, ,2, ,
-4, ,2, ,
-4, ,2, ,
-4, ,2, ,
-4, ,2, ,
-4, ,2, ,
-3, ,2, ,
-5, ,2, ,
-3, ,2, ,
-4, ,0, ,
-4, ,2, ,
-3, ,2, ,
-3, ,2, ,
-4, ,2, ,
-3, ,2, ,
-4, ,2, ,
-4, ,2, ,
-4, ,2, ,
-4, ,2, ,
-3, ,2, ,
-4, ,2, ,
-3, ,2, ,
-3, ,2, ,
-4, ,2, ,
-5, ,2, ,
-4, ,2, ,
-4, ,2, ,
-4, ,2, ,
-4, ,2, ,
-3, ,2, ,
-3, ,2, ,
-4, ,2, ,
-4, ,2, ,
-4, ,2, ,
-4, ,2, ,
-3, ,2, ,
-3, ,2, ,
-5, ,2, ,
-3, ,2, ,
-4, ,2, ,
-4, ,2, ,
-4, ,2, ,
-4, ,2, ,
-5, ,2, ,
-3, ,2, ,
-4, ,2, ,
-3, ,2, ,
-4, ,2, ,
-4, ,2, ,
-5, ,2, ,
-3, ,2, ,
-4, ,3, ,
-4, ,2, ,
-4, ,2, ,
-4, ,2, ,
-5, ,2, ,
-3, ,2, ,
-4, ,2, ,
-4, ,2, ,
-3, ,2, ,
-3, ,2, ,
-5, ,2, ,
-3, ,2, ,
-4, ,2, ,
-4, ,2, ,
-4, ,2, ,
-4, ,2, ,
-5, ,2, ,
-4, ,2, ,
-4, ,2, ,
-4, ,2, ,
-4, ,2, ,
-4, ,2, ,
-3, ,2, ,
-4, ,2, ,
-4, ,2, ,
-4, ,3, ,
-4, ,2, ,
-3, ,2, ,
-4, ,2, ,
-3, ,2, ,
-4, ,2, ,
-3, ,2, ,
-4, ,2, ,
-4, ,2, ,
-5, ,2, ,
-4, ,2, ,
-3, ,2, ,
-3, ,2, ,
-4, ,2, ,
-3, ,2, ,
-5, ,2, ,
-3, ,2, ,
-4, ,2, ,
-4, ,2, ,
-3, ,2, ,
-3, ,2, ,
-4, ,2, ,
-3, ,2, ,
-4, ,2, ,
-4, ,2, ,
-4, ,2, ,
-3, ,0, ,
-4, ,2, ,
-4, ,2, ,
-4, ,2, ,
-4, ,2, ,
-4, ,2, ,
-4, ,2, ,
-3, ,2, ,
-3, ,2, ,
-4, ,2, ,
-5, ,2, ,
-4, ,2, ,
-3, ,2, ,
-4, ,2, ,
-3, ,2, ,
-4, ,0, ,
-4, ,0, ,
-3, ,2, ,
-3, ,2, ,
-3, ,2, ,
-4, ,2, ,
-4, ,2, ,
-3, ,2, ,
-4, ,2, ,
-4, ,2, ,
-4, ,2, ,
-3, ,2, ,
-3, ,2, ,
-4, ,2, ,
-4, ,2, ,
-4, ,2, ,
-4, ,2, ,
-3, ,2, ,
-4, ,2, ,
-4, ,2, ,
-4, ,2, ,
-4, ,2, ,
-4, ,2, ,
-3, ,2, ,
-4, ,2, ,
-4, ,2, ,
-4, ,2, ,
-4, ,2, ,
-3, ,2, ,
-3, ,2, ,
-4, ,2, ,
-5, ,2, ,
-3, ,2, ,
-4, ,2, ,
-4, ,2, ,
-4, ,2, ,
-4, ,2, ,
-4, ,2, ,
-4, ,2, ,
-4, ,2, ,
-4, ,2, ,
-4, ,2, ,
-4, ,2, ,
-5, ,2, ,
-3, ,2, ,
-4, ,2, ,
-4, ,2, ,
-3, ,2, ,
-3, ,2, ,
-4, ,2, ,
-3, ,2, ,
-4, ,2, ,
-4, ,2, ,
-4, ,2, ,
-4, ,2, ,
-4, ,2, ,
-3, ,2, ,
-4, ,2, ,
-3, ,2, ,
-3, ,2, ,
-4, ,2, ,
-4, ,0, ,
-3, ,2, ,
-3, ,2, ,
-3, ,2, ,
-4, ,2, ,
-4, ,2, ,
-3, ,2, ,
-4, ,2, ,
-3, ,2, ,
-4, ,2, ,
-3, ,2, ,
-4, ,2, ,
-4, ,2, ,
-3, ,2, ,
-4, ,2, ,
-4, ,2, ,
-4, ,2, ,
-3, ,2, ,
-4, ,2, ,
-4, ,2, ,
-4, ,2, ,
-3, ,2, ,
-5, ,2, ,
-3, ,2, ,
-4, ,2, ,
-4, ,2, ,
-3, ,2, ,
-4, ,2, ,
-4, ,2, ,
-3, ,2, ,
-4, ,2, ,
-4, ,2, ,
-3, ,2, ,
-4, ,2, ,
-4, ,2, ,
-3, ,2, ,
-4, ,2, ,
-3, ,2, ,
-3, ,2, ,
-3, ,2, ,
-4, ,2, ,
-4, ,2, ,
-4, ,2, ,
-3, ,2, ,
-4, ,2, ,
-4, ,2, ,
-4, ,2, ,
-4, ,2, ,
-4, ,2, ,
-4, ,2, ,
-4, ,2, ,
-4, ,2, ,
-5, ,2, ,
-3, ,2, ,
-4, ,2, ,
-3, ,2, ,
-4, ,2, ,
-4, ,2, ,
-4, ,2, ,
-4, ,2, ,
-3, ,2, ,
-4, ,2, ,
-4, ,2, ,
-4, ,2, ,
-4, ,2, ,
-3, ,2, ,
-5, ,2, ,
-4, ,2, ,
-4, ,2, ,
-4, ,2, ,
-4, ,0, ,
-4, ,2, ,
-4, ,2, ,
-4, ,2, ,
-4, ,2, ,
-4, ,2, ,
-4, ,0, ,
-4, ,2, ,
-5, ,2, ,
-4, ,2, ,
-3, ,2, ,
-4, ,2, ,
-3, ,2, ,
-4, ,2, ,
-3, ,2, ,
-4, ,2, ,
-3, ,2, ,
-4, ,2, ,
-4, ,2, ,
-3, ,2, ,
-5, ,2, ,
-3, ,2, ,
-4, ,2, ,
-4, ,2, ,
-4, ,2, ,
-3, ,2, ,
-3, ,2, ,
-4, ,2, ,
-3, ,2, ,
-4, ,2, ,
-4, ,2, ,
-3, ,2, ,
-3, ,2, ,
-5, ,2, ,
-3, ,2, ,
-4, ,2, ,
-3, ,2, ,
-4, ,2, ,
-3, ,2, ,
-4, ,2, ,
-4, ,2, ,
-4, ,2, ,
-3, ,2, ,
-4, ,2, ,
-4, ,2, ,
-5, ,2, ,
-3, ,2, ,
-4, ,2, ,
-4, ,2, ,
-3, ,2, ,
-3, ,2, ,
-4, ,2, ,
-3, ,2, ,
-4, ,2, ,
-4, ,2, ,
-3, ,2, ,
-3, ,2, ,
-5, ,2, ,
-3, ,2, ,
-4, ,2, ,
-4, ,2, ,
-3, ,2, ,
-5, ,2, ,
-3, ,2, ,
-4, ,2, ,
-4, ,2, ,
-4, ,2, ,
-4, ,2, ,
-4, ,2, ,
-4, ,2, ,
-4, ,2, ,
-3, ,2, ,
-4, ,2, ,
-4, ,2, ,
-4, ,2, ,
-4, ,2, ,
-3, ,2, ,
-4, ,2, ,
-4, ,2, ,
-4, ,2, ,
-4, ,2, ,
-3, ,2, ,
-3, ,2, ,
-4, ,0, ,
-4, ,2, ,
-4, ,2, ,
-3, ,2, ,
-4, ,2, ,
-4, ,2, ,
-4, ,2, ,
-3, ,2, ,
-5, ,2, ,
-3, ,2, ,
-4, ,2, ,
-3, ,2, ,
-4, ,2, ,
-4, ,2, ,
-3, ,2, ,
-4, ,2, ,
-4, ,2, ,
-4, ,2, ,
-3, ,2, ,
-3, ,2, ,
-4, ,2, ,
-3, ,2, ,
-4, ,2, ,
-4, ,2, ,
-3, ,2, ,
-5, ,2, ,
-4, ,2, ,
-3, ,2, ,
-4, ,2, ,
-4, ,2, ,
-4, ,2, ,
-3, ,2, ,
-5, ,2, ,
-4, ,2, ,
-3, ,2, ,
-3, ,2, ,
-4, ,2, ,
-4, ,2, ,
-3, ,2, ,
-4, ,2, ,
-3, ,2, ,
-3, ,2, ,
-4, ,2, ,
-4, ,0, ,
-3, ,2, ,
-7, ,-9, ,
-4, ,15, ,
-6, ,-3, ,
-5, ,-7, ,
-5, ,11, ,
-6, ,-1, ,
-4, ,-9, ,
-6, ,11, ,
-6, ,0, ,
-6, ,-4, ,
-7, ,8, ,
-6, ,-1, ,
-5, ,-2, ,
-7, ,4, ,
-7, ,-1, ,
-8, ,2, ,
-9, ,3, ,
-8, ,-2, ,
-9, ,2, ,
-10, ,4, ,
-10, ,-2, ,
-10, ,0, ,
-12, ,3, ,
-11, ,2, ,
-10, ,0, ,
-10, ,0, ,
-11, ,0, ,
-12, ,2, ,
-15, ,0, ,
-12, ,0, ,
-13, ,0, ,
-15, ,-1, ,
-16, ,0, ,
-16, ,0, ,
-17, ,0, ,
-19, ,-1, ,
-19, ,-1, ,
-20, ,0, ,
-21, ,-1, ,
-21, ,-1, ,
-22, ,-1, ,
-23, ,-1, ,
-23, ,-2, ,
-24, ,-1, ,
-25, ,-1, ,
-25, ,-2, ,
-26, ,-2, ,
-26, ,-2, ,
-27, ,-2, ,
-28, ,-2, ,
-29, ,-3, ,
-30, ,-3, ,
-30, ,-3, ,
-31, ,-3, ,
-31, ,-3, ,
-32, ,-3, ,
-33, ,-3, ,
-33, ,-3, ,
-34, ,-3, ,
-34, ,-3, ,
-34, ,-4, ,
-35, ,-4, ,
-35, ,-4, ,
-36, ,-4, ,
-36, ,-5, ,
-36, ,-5, ,
-37, ,-5, ,
-37, ,-6, ,
-39, ,-6, ,
-39, ,-6, ,
-40, ,-6, ,
-40, ,-6, ,
-41, ,-7, ,
-41, ,-7, ,
-41, ,-7, ,
-41, ,-7, ,
-41, ,-7, ,
-41, ,-7, ,
-41, ,-9, ,
-41, ,-9, ,
-42, ,-9, ,
-42, ,-10, ,
-42, ,-10, ,
-42, ,-10, ,
-43, ,-10, ,
-43, ,-10, ,
-43, ,-10, ,
-43, ,-11, ,
-42, ,-11, ,
-42, ,-11, ,
-41, ,-11, ,
-41, ,-12, ,
-40, ,-13, ,
-40, ,-12, ,
-39, ,-12, ,
-39, ,-13, ,
-37, ,-12, ,
-37, ,-12, ,
-36, ,-13, ,
-35, ,-12, ,
-35, ,-12, ,
-34, ,-14, ,
-33, ,-13, ,
-32, ,-13, ,
-32, ,-14, ,
-31, ,-14, ,
-30, ,-13, ,
-29, ,-13, ,
-29, ,-14, ,
-28, ,-14, ,
-27, ,-13, ,
-26, ,-14, ,
-26, ,-15, ,
-25, ,-14, ,
-24, ,-14, ,
-24, ,-14, ,
-23, ,-14, ,
-22, ,-15, ,
-21, ,-14, ,
-20, ,-14, ,
-20, ,-14, ,
-18, ,-14, ,
-18, ,-15, ,
-18, ,-14, ,
-16, ,-15, ,
-16, ,-14, ,
-15, ,-15, ,
-13, ,-14, ,
-13, ,-14, ,
-12, ,-14, ,
-11, ,-15, ,
-12, ,-14, ,
-10, ,-14, ,
-10, ,-14, ,
-8, ,-14, ,
-8, ,-14, ,
-6, ,-14, ,
-7, ,-14, ,
-6, ,-14, ,
-5, ,-14, ,
-4, ,-14, ,
-3, ,-14, ,
-3, ,-14, ,
-2, ,-13, ,
-3, ,-14, ,
-2, ,-13, ,
0, ,-14, ,
1, ,-13, ,
1, ,-14, ,
1, ,-13, ,
1, ,-13, ,
2, ,-13, ,
4, ,-13, ,
3, ,-12, ,
4, ,-12, ,
5, ,-12, ,
6, ,-12, ,
5, ,-12, ,
5, ,-12, ,
7, ,-11, ,
7, ,-11, ,
8, ,-11, ,
8, ,-11, ,
9, ,-11, ,
8, ,-11, ,
13, ,-1, ,
6, ,-14, ,
9, ,-16, ,
8, ,-1, ,
7, ,-10, ,
7, ,-21, ,
8, ,-2, ,
7, ,-7, ,
7, ,-16, ,
8, ,-3, ,
7, ,-7, ,
8, ,-12, ,
7, ,-6, ,
6, ,-10, ,
6, ,-7, ,
7, ,-5, ,
6, ,-12, ,
6, ,-7, ,
4, ,-5, ,
4, ,-10, ,
5, ,-9, ,
5, ,-5, ,
3, ,-5, ,
3, ,-6, ,
6, ,-7, ,
4, ,-7, ,
3, ,-6, ,
2, ,-6, ,
2, ,-6, ,
3, ,-7, ,
2, ,-6, ,
1, ,-6, ,
0, ,-6, ,
0, ,-6, ,
-1, ,-5, ,
-1, ,-6, ,
-2, ,-6, ,
-3, ,-6, ,
-3, ,-6, ,
-5, ,-6, ,
-5, ,-5, ,
-5, ,-5, ,
-6, ,-6, ,
-6, ,-5, ,
-7, ,-5, ,
-7, ,-5, ,
-8, ,-5, ,
-8, ,-5, ,
-9, ,-6, ,
-9, ,-5, ,
-9, ,-6, ,
-10, ,-5, ,
-10, ,-6, ,
-12, ,-5, ,
-11, ,-6, ,
-12, ,-5, ,
-13, ,-5, ,
-13, ,-6, ,
-13, ,-5, ,
-13, ,-6, ,
-16, ,-6, ,
-15, ,-5, ,
-15, ,-6, ,
-15, ,-6, ,
-16, ,-6, ,
-16, ,-6, ,
-17, ,-6, ,
-17, ,-6, ,
-17, ,-6, ,
-17, ,-5, ,
-17, ,-6, ,
-17, ,-6, ,
-18, ,-7, ,
-18, ,-6, ,
-18, ,-6, ,
-18, ,-6, ,
-18, ,-6, ,
-18, ,-7, ,
-18, ,-6, ,
-18, ,-7, ,
-18, ,-6, ,
-19, ,-6, ,
-18, ,-7, ,
-19, ,-7, ,
-19, ,-7, ,
-19, ,-7, ,
-19, ,-7, ,
-18, ,-7, ,
-18, ,-9, ,
-17, ,-9, ,
-17, ,-7, ,
-16, ,-9, ,
-16, ,-7, ,
-15, ,-7, ,
-15, ,-9, ,
-13, ,-7, ,
-13, ,-7, ,
-12, ,-7, ,
-11, ,-7, ,
-10, ,-7, ,
-10, ,-7, ,
-9, ,-7, ,
-10, ,-7, ,
-9, ,-7, ,
-8, ,-9, ,
-6, ,-6, ,
-6, ,-7, ,
-5, ,-7, ,
-4, ,-7, ,
-4, ,-7, ,
-3, ,-6, ,
-2, ,-6, ,
-3, ,-7, ,
-1, ,-7, ,
-2, ,-7, ,
-1, ,-7, ,
1, ,-6, ,
2, ,-6, ,
2, ,-6, ,
2, ,-7, ,
3, ,-6, ,
3, ,-6, ,
4, ,-6, ,
4, ,-5, ,
6, ,-5, ,
6, ,-6, ,
7, ,-6, ,
7, ,-6, ,
8, ,-6, ,
7, ,-5, ,
9, ,-6, ,
9, ,-5, ,
11, ,-5, ,
11, ,-5, ,
11, ,-5, ,
11, ,-5, ,
13, ,-4, ,
13, ,-4, ,
14, ,-4, ,
14, ,-4, ,
14, ,-4, ,
14, ,-3, ,
16, ,-3, ,
16, ,-3, ,
16, ,-3, ,
17, ,-3, ,
18, ,-3, ,
18, ,-2, ,
18, ,-2, ,
19, ,-2, ,
18, ,-2, ,
20, ,-2, ,
20, ,-2, ,
20, ,-1, ,
19, ,-1, ,
20, ,-1, ,
20, ,-1, ,
20, ,-1, ,
22, ,-1, ,
23, ,0, ,
23, ,0, ,
23, ,-1, ,
22, ,0, ,
22, ,-10, ,
21, ,15, ,
22, ,-4, ,
20, ,-7, ,
24, ,11, ,
20, ,-1, ,
24, ,-6, ,
21, ,12, ,
20, ,3, ,
22, ,-3, ,
22, ,9, ,
17, ,3, ,
20, ,-1, ,
20, ,6, ,
19, ,2, ,
20, ,4, ,
20, ,5, ,
18, ,0, ,
17, ,4, ,
18, ,7, ,
18, ,2, ,
19, ,4, ,
18, ,6, ,
18, ,6, ,
17, ,5, ,
16, ,4, ,
16, ,5, ,
18, ,5, ,
17, ,6, ,
14, ,6, ,
13, ,5, ,
14, ,5, ,
14, ,6, ,
13, ,6, ,
14, ,6, ,
11, ,6, ,
11, ,6, ,
11, ,6, ,
9, ,6, ,
7, ,6, ,
6, ,6, ,
6, ,6, ,
6, ,6, ,
5, ,6, ,
4, ,6, ,
3, ,6, ,
2, ,6, ,
1, ,6, ,
0, ,6, ,
0, ,6, ,
-1, ,6, ,
-1, ,6, ,
-3, ,6, ,
-3, ,6, ,
-4, ,6, ,
-4, ,6, ,
-6, ,6, ,
-6, ,6, ,
-6, ,6, ,
-8, ,6, ,
-7, ,6, ,
-9, ,6, ,
-9, ,6, ,
-10, ,5, ,
-10, ,5, ,
-11, ,5, ,
-11, ,5, ,
-13, ,5, ,
-12, ,5, ,
-13, ,5, ,
-15, ,5, ,
-15, ,5, ,
-16, ,5, ,
-16, ,5, ,
-17, ,4, ,
-17, ,4, ,
-17, ,4, ,
-18, ,4, ,
-19, ,4, ,
-19, ,4, ,
-19, ,3, ,
-20, ,3, ,
-20, ,3, ,
-20, ,3, ,
-21, ,3, ,
-21, ,3, ,
-22, ,3, ,
-22, ,2, ,
-23, ,3, ,
-22, ,2, ,
-22, ,2, ,
-22, ,2, ,
-22, ,2, ,
-22, ,0, ,
-22, ,3, ,
-21, ,0, ,
-21, ,2, ,
-21, ,0, ,
-21, ,2, ,
-20, ,0, ,
-20, ,0, ,
-19, ,0, ,
-18, ,0, ,
-18, ,0, ,
-18, ,0, ,
-18, ,0, ,
-17, ,-1, ,
-16, ,0, ,
-15, ,-1, ,
-13, ,0, ,
-13, ,0, ,
-12, ,-1, ,
-11, ,-1, ,
-11, ,-1, ,
-10, ,0, ,
-11, ,0, ,
-9, ,-1, ,
-9, ,-1, ,
-8, ,-1, ,
-8, ,-1, ,
-7, ,-1, ,
-6, ,-1, ,
-6, ,-1, ,
-5, ,-1, ,
-5, ,-1, ,
-5, ,-1, ,
-5, ,-1, ,
-3, ,-1, ,
-4, ,-1, ,
-3, ,-1, ,
-2, ,-1, ,
-2, ,-1, ,
-1, ,-1, ,
0, ,-1, ,
0, ,-1, ,
0, ,-1, ,
1, ,-1, ,
1, ,0, ,
2, ,-1, ,
2, ,0, ,
2, ,0, ,
3, ,0, ,
4, ,0, ,
3, ,0, ,
4, ,-1, ,
3, ,0, ,
4, ,0, ,
5, ,0, ,
6, ,0, ,
6, ,0, ,
7, ,0, ,
6, ,0, ,
7, ,0, ,
7, ,2, ,
8, ,2, ,
7, ,2, ,
8, ,2, ,
9, ,3, ,
9, ,2, ,
11, ,2, ,
11, ,3, ,
11, ,2, ,
12, ,2, ,
11, ,2, ,
12, ,3, ,
11, ,3, ,
12, ,4, ,
8, ,-14, ,
11, ,16, ,
11, ,-2, ,
12, ,-3, ,
9, ,12, ,
11, ,-1, ,
12, ,-1, ,
9, ,14, ,
7, ,-1, ,
9, ,0, ,
8, ,11, ,
7, ,-1, ,
11, ,2, ,
8, ,7, ,
8, ,3, ,
8, ,6, ,
7, ,6, ,
8, ,3, ,
6, ,6, ,
6, ,7, ,
6, ,3, ,
5, ,5, ,
5, ,7, ,
4, ,6, ,
6, ,5, ,
6, ,4, ,
5, ,5, ,
5, ,5, ,
2, ,6, ,
2, ,6, ,
3, ,5, ,
2, ,6, ,
1, ,5, ,
0, ,5, ,
-1, ,5, ,
-1, ,5, ,
-2, ,5, ,
-3, ,5, ,
-4, ,5, ,
-5, ,6, ,
-5, ,5, ,
-5, ,5, ,
-6, ,5, ,
-7, ,5, ,
-8, ,6, ,
-9, ,6, ,
-9, ,5, ,
-10, ,5, ,
-10, ,5, ,
-11, ,5, ,
-12, ,5, ,
-12, ,5, ,
-13, ,4, ,
-15, ,5, ,
-15, ,5, ,
-16, ,5, ,
-17, ,5, ,
-17, ,4, ,
-18, ,4, ,
-19, ,4, ,
-19, ,4, ,
-19, ,4, ,
-19, ,4, ,
-20, ,3, ,
-20, ,3, ,
-21, ,3, ,
-22, ,3, ,
-22, ,3, ,
-22, ,3, ,
-23, ,3, ,
-23, ,3, ,
-23, ,3, ,
-24, ,2, ,
-24, ,2, ,
-25, ,3, ,
-25, ,2, ,
-25, ,2, ,
-25, ,2, ,
-26, ,0, ,
-26, ,2, ,
-26, ,0, ,
-26, ,0, ,
-27, ,0, ,
-27, ,0, ,
-28, ,-1, ,
-28, ,0, ,
-27, ,0, ,
-27, ,-2, ,
-27, ,-1, ,
-27, ,-1, ,
-27, ,-1, ,
-27, ,-1, ,
-26, ,-1, ,
-25, ,-2, ,
-25, ,-1, ,
-24, ,-2, ,
-24, ,-3, ,
-23, ,-2, ,
-22, ,-3, ,
-22, ,-2, ,
-22, ,-2, ,
-21, ,-3, ,
-20, ,-3, ,
-20, ,-3, ,
-19, ,-4, ,
-18, ,-2, ,
-18, ,-3, ,
-17, ,-3, ,
-16, ,-3, ,
-15, ,-2, ,
-15, ,-3, ,
-13, ,-3, ,
-12, ,-4, ,
-13, ,-3, ,
-11, ,-2, ,
-11, ,-4, ,
-9, ,-3, ,
-9, ,-4, ,
-9, ,-3, ,
-8, ,-3, ,
-7, ,-3, ,
-6, ,-4, ,
-6, ,-3, ,
-5, ,-3, ,
-5, ,-3, ,
-5, ,-3, ,
-4, ,-4, ,
-3, ,-4, ,
-3, ,-3, ,
-2, ,-3, ,
-2, ,-3, ,
0, ,-3, ,
0, ,-3, ,
1, ,-3, ,
1, ,-3, ,
2, ,-3, ,
2, ,-3, ,
3, ,-3, ,
4, ,-2, ,
3, ,-2, ,
4, ,-2, ,
5, ,-2, ,
5, ,-2, ,
6, ,-2, ,
5, ,-2, ,
6, ,-2, ,
7, ,-2, ,
7, ,-2, ,
8, ,-1, ,
8, ,-1, ,
9, ,-1, ,
9, ,-1, ,
9, ,-1, ,
9, ,-1, ,
11, ,-1, ,
12, ,-1, ,
12, ,0, ,
13, ,-1, ,
13, ,-1, ,
14, ,0, ,
13, ,0, ,
14, ,0, ,
14, ,0, ,
15, ,0, ,
13, ,2, ,
16, ,0, ,
13, ,4, ,
14, ,-3, ,
13, ,6, ,
12, ,7, ,
15, ,-7, ,
13, ,6, ,
11, ,9, ,
13, ,-9, ,
13, ,3, ,
12, ,8, ,
13, ,-3, ,
12, ,3, ,
9, ,4, ,
11, ,3, ,
11, ,5, ,
11, ,0, ,
9, ,2, ,
8, ,6, ,
8, ,3, ,
9, ,2, ,
8, ,4, ,
8, ,5, ,
9, ,4, ,
9, ,4, ,
7, ,3, ,
6, ,4, ,
6, ,4, ,
5, ,5, ,
5, ,4, ,
5, ,3, ,
3, ,4, ,
3, ,4, ,
2, ,4, ,
2, ,4, ,
1, ,4, ,
0, ,5, ,
-1, ,4, ,
-2, ,4, ,
-3, ,4, ,
-3, ,4, ,
-3, ,4, ,
-5, ,4, ,
-5, ,4, ,
-5, ,4, ,
-6, ,4, ,
-6, ,4, ,
-8, ,4, ,
-8, ,4, ,
-8, ,4, ,
-9, ,4, ,
-10, ,4, ,
-10, ,4, ,
-11, ,4, ,
-12, ,4, ,
-12, ,4, ,
-15, ,3, ,
-13, ,3, ,
-15, ,3, ,
-15, ,3, ,
-16, ,3, ,
-16, ,3, ,
-17, ,3, ,
-17, ,3, ,
-17, ,3, ,
-17, ,3, ,
-18, ,2, ,
-19, ,3, ,
-19, ,2, ,
-19, ,2, ,
-20, ,3, ,
-20, ,2, ,
-21, ,2, ,
-21, ,2, ,
-21, ,2, ,
-21, ,2, ,
-21, ,0, ,
-22, ,0, ,
-22, ,2, ,
-22, ,0, ,
-23, ,0, ,
-22, ,0, ,
-23, ,-1, ,
-23, ,-2, ,
-23, ,-1, ,
-24, ,-1, ,
-24, ,-1, ,
-23, ,-1, ,
-23, ,-1, ,
-23, ,-2, ,
-22, ,-1, ,
-22, ,-1, ,
-22, ,-2, ,
-21, ,-2, ,
-21, ,-3, ,
-20, ,-2, ,
-20, ,-2, ,
-19, ,-3, ,
-19, ,-2, ,
-18, ,-2, ,
-18, ,-3, ,
-17, ,-2, ,
-16, ,-3, ,
-15, ,-4, ,
-15, ,-2, ,
-13, ,-2, ,
-12, ,-3, ,
-12, ,-3, ,
-12, ,-2, ,
-10, ,-3, ,
-10, ,-3, ,
-9, ,-3, ,
-8, ,-3, ,
-8, ,-2, ,
-8, ,-3, ,
-7, ,-3, ,
-6, ,-3, ,
-6, ,-3, ,
-4, ,-3, ,
-5, ,-3, ,
-4, ,-3, ,
-3, ,-2, ,
-2, ,-3, ,
-2, ,-3, ,
-1, ,-3, ,
-1, ,-3, ,
-1, ,-3, ,
0, ,-2, ,
0, ,-2, ,
2, ,-2, ,
2, ,-2, ,
2, ,-2, ,
3, ,-2, ,
4, ,-2, ,
3, ,-2, ,
5, ,-3, ,
4, ,-2, ,
5, ,-2, ,
5, ,-2, ,
5, ,-2, ,
7, ,-1, ,
7, ,-1, ,
7, ,-1, ,
8, ,-1, ,
8, ,-2, ,
9, ,-1, ,
9, ,-1, ,
9, ,-2, ,
11, ,-1, ,
12, ,-1, ,
9, ,-1, ,
12, ,0, ,
12, ,0, ,
12, ,0, ,
13, ,0, ,
12, ,0, ,
14, ,0, ,
14, ,0, ,
14, ,0, ,
15, ,0, ,
15, ,2, ,
15, ,0, ,
16, ,2, ,
16, ,2, ,
17, ,6, ,
14, ,2, ,
16, ,-2, ,
16, ,8, ,
15, ,8, ,
12, ,-7, ,
15, ,6, ,
14, ,11, ,
12, ,-7, ,
14, ,5, ,
13, ,9, ,
15, ,-2, ,
14, ,5, ,
11, ,5, ,
13, ,4, ,
11, ,7, ,
11, ,2, ,
11, ,3, ,
9, ,7, ,
9, ,4, ,
11, ,2, ,
9, ,5, ,
8, ,6, ,
8, ,5, ,
11, ,4, ,
9, ,4, ,
8, ,5, ,
7, ,5, ,
7, ,5, ,
7, ,4, ,
6, ,5, ,
4, ,5, ,
4, ,5, ,
4, ,5, ,
2, ,4, ,
2, ,5, ,
1, ,5, ,
0, ,5, ,
-1, ,5, ,
-1, ,5, ,
-2, ,5, ,
-2, ,5, ,
-3, ,5, ,
-4, ,5, ,
-5, ,5, ,
-5, ,5, ,
-6, ,5, ,
-6, ,5, ,
-7, ,5, ,
-8, ,5, ,
-9, ,4, ,
-9, ,5, ,
-10, ,5, ,
-11, ,5, ,
-12, ,5, ,
-11, ,5, ,
-13, ,4, ,
-13, ,4, ,
-15, ,4, ,
-15, ,4, ,
-15, ,4, ,
-16, ,4, ,
-16, ,4, ,
-17, ,3, ,
-17, ,3, ,
-18, ,3, ,
-18, ,3, ,
-19, ,3, ,
-19, ,3, ,
-20, ,3, ,
-20, ,3, ,
-20, ,3, ,
-21, ,2, ,
-21, ,3, ,
-22, ,2, ,
-22, ,3, ,
-22, ,2, ,
-22, ,2, ,
-22, ,2, ,
-23, ,2, ,
-23, ,2, ,
-23, ,0, ,
-24, ,0, ,
-24, ,0, ,
-24, ,0, ,
-25, ,0, ,
-25, ,0, ,
-26, ,0, ,
-26, ,0, ,
-25, ,-1, ,
-25, ,-1, ,
-25, ,0, ,
-25, ,-2, ,
-25, ,-1, ,
-24, ,-1, ,
-24, ,-2, ,
-23, ,-1, ,
-23, ,-1, ,
-22, ,-2, ,
-22, ,-2, ,
-22, ,-2, ,
-21, ,-2, ,
-20, ,-2, ,
-19, ,-2, ,
-19, ,-2, ,
-18, ,-2, ,
-18, ,-2, ,
-17, ,-2, ,
-16, ,-2, ,
-15, ,-2, ,
-13, ,-2, ,
-13, ,-2, ,
-13, ,-3, ,
-11, ,-2, ,
-12, ,-2, ,
-10, ,-3, ,
-10, ,-3, ,
-9, ,-3, ,
-9, ,-2, ,
-8, ,-2, ,
-8, ,-2, ,
-6, ,-2, ,
-7, ,-2, ,
-5, ,-3, ,
-5, ,-2, ,
-4, ,-2, ,
-4, ,-3, ,
-3, ,-2, ,
-3, ,-2, ,
-2, ,-2, ,
-1, ,-2, ,
-1, ,-2, ,
0, ,-2, ,
-1, ,-2, ,
1, ,-2, ,
1, ,-2, ,
2, ,-2, ,
2, ,-1, ,
3, ,-2, ,
4, ,-1, ,
4, ,-2, ,
3, ,-2, ,
5, ,-1, ,
5, ,-1, ,
6, ,-1, ,
5, ,-1, ,
6, ,-1, ,
7, ,-1, ,
8, ,-1, ,
8, ,-1, ,
9, ,-1, ,
8, ,-1, ,
9, ,-1, ,
11, ,-1, ,
11, ,0, ,
11, ,0, ,
12, ,0, ,
12, ,0, ,
13, ,0, ,
13, ,0, ,
13, ,0, ,
13, ,0, ,
14, ,2, ,
14, ,2, ,
15, ,2, ,
13, ,2, ,
14, ,3, ,
18, ,-11, ,
11, ,12, ,
13, ,-2, ,
13, ,4, ,
12, ,8, ,
13, ,-4, ,
13, ,5, ,
12, ,12, ,
14, ,-7, ,
13, ,3, ,
11, ,11, ,
12, ,-2, ,
12, ,4, ,
11, ,6, ,
11, ,4, ,
9, ,5, ,
9, ,3, ,
9, ,3, ,
9, ,6, ,
9, ,5, ,
8, ,3, ,
7, ,5, ,
6, ,6, ,
7, ,5, ,
8, ,4, ,
7, ,4, ,
7, ,5, ,
5, ,5, ,
5, ,5, ,
5, ,5, ,
5, ,5, ,
3, ,5, ,
4, ,5, ,
2, ,5, ,
2, ,5, ,
1, ,5, ,
0, ,5, ,
0, ,5, ,
-1, ,5, ,
-2, ,5, ,
-4, ,5, ,
-3, ,5, ,
-5, ,5, ,
-5, ,5, ,
-6, ,5, ,
-6, ,5, ,
-6, ,5, ,
-7, ,5, ,
-7, ,5, ,
-9, ,5, ,
-9, ,5, ,
-9, ,5, ,
-10, ,4, ,
-11, ,5, ,
-11, ,4, ,
-12, ,4, ,
-13, ,4, ,
-15, ,4, ,
-15, ,4, ,
-15, ,4, ,
-16, ,4, ,
-16, ,4, ,
-17, ,4, ,
-17, ,4, ,
-18, ,4, ,
-18, ,3, ,
-18, ,3, ,
-19, ,3, ,
-19, ,3, ,
-20, ,3, ,
-21, ,3, ,
-21, ,3, ,
-21, ,2, ,
-22, ,2, ,
-22, ,2, ,
-22, ,2, ,
-23, ,2, ,
-23, ,2, ,
-23, ,0, ,
-23, ,0, ,
-23, ,0, ,
-23, ,0, ,
-24, ,0, ,
-24, ,-1, ,
-25, ,-1, ,
-25, ,0, ,
-25, ,-1, ,
-24, ,-1, ,
-24, ,-1, ,
-24, ,-1, ,
-24, ,-1, ,
-24, ,-1, ,
-23, ,-2, ,
-23, ,-1, ,
-22, ,-2, ,
-22, ,-2, ,
-22, ,-2, ,
-21, ,-1, ,
-21, ,-2, ,
-20, ,-2, ,
-19, ,-3, ,
-19, ,-2, ,
-18, ,-2, ,
-18, ,-2, ,
-17, ,-2, ,
-17, ,-3, ,
-15, ,-3, ,
-15, ,-2, ,
-13, ,-2, ,
-12, ,-3, ,
-12, ,-3, ,
-11, ,-3, ,
-10, ,-3, ,
-9, ,-2, ,
-9, ,-3, ,
-9, ,-3, ,
-8, ,-3, ,
-7, ,-2, ,
-7, ,-3, ,
-6, ,-3, ,
-6, ,-3, ,
-5, ,-3, ,
-4, ,-3, ,
-4, ,-3, ,
-3, ,-2, ,
-3, ,-3, ,
-2, ,-3, ,
-1, ,-3, ,
-1, ,-3, ,
-1, ,-3, ,
1, ,-3, ,
1, ,-3, ,
1, ,-3, ,
2, ,-2, ,
3, ,-3, ,
3, ,-2, ,
3, ,-2, ,
4, ,-2, ,
4, ,-2, ,
5, ,-2, ,
6, ,-2, ,
7, ,-2, ,
6, ,-2, ,
6, ,-1, ,
8, ,-2, ,
7, ,-1, ,
9, ,-1, ,
8, ,-2, ,
9, ,-1, ,
9, ,-1, ,
11, ,-1, ,
12, ,-1, ,
11, ,-1, ,
12, ,-1, ,
12, ,-1, ,
13, ,-1, ,
13, ,-1, ,
14, ,0, ,
13, ,0, ,
13, ,0, ,
15, ,0, ,
15, ,0, ,
15, ,0, ,
15, ,3, ,
14, ,-15, ,
18, ,14, ,
13, ,-3, ,
15, ,-5, ,
14, ,11, ,
13, ,-2, ,
12, ,-2, ,
13, ,13, ,
14, ,-3, ,
14, ,-2, ,
14, ,9, ,
12, ,-2, ,
12, ,0, ,
13, ,6, ,
11, ,2, ,
12, ,4, ,
12, ,5, ,
12, ,0, ,
11, ,4, ,
9, ,6, ,
9, ,2, ,
11, ,3, ,
9, ,5, ,
8, ,5, ,
8, ,3, ,
9, ,3, ,
8, ,4, ,
7, ,4, ,
6, ,4, ,
7, ,4, ,
5, ,4, ,
5, ,4, ,
5, ,5, ,
4, ,5, ,
3, ,4, ,
2, ,4, ,
2, ,5, ,
0, ,4, ,
0, ,4, ,
0, ,4, ,
-2, ,4, ,
-2, ,4, ,
-4, ,4, ,
-3, ,4, ,
-5, ,4, ,
-5, ,4, ,
-6, ,4, ,
-6, ,4, ,
-6, ,4, ,
-8, ,4, ,
-8, ,4, ,
-9, ,4, ,
-10, ,4, ,
-11, ,4, ,
-11, ,4, ,
-12, ,3, ,
-12, ,4, ,
-13, ,4, ,
-15, ,4, ,
-15, ,3, ,
-15, ,3, ,
-16, ,3, ,
-16, ,3, ,
-17, ,3, ,
-17, ,3, ,
-18, ,3, ,
-18, ,3, ,
-18, ,3, ,
-19, ,2, ,
-19, ,2, ,
-20, ,2, ,
-20, ,2, ,
-20, ,2, ,
-21, ,2, ,
-21, ,2, ,
-22, ,2, ,
-22, ,0, ,
-22, ,0, ,
-22, ,0, ,
-22, ,0, ,
-22, ,0, ,
-23, ,0, ,
-23, ,0, ,
-24, ,-1, ,
-24, ,-1, ,
-24, ,-1, ,
-24, ,-2, ,
-24, ,-1, ,
-23, ,-1, ,
-23, ,-3, ,
-23, ,-2, ,
-23, ,-1, ,
-22, ,-2, ,
-22, ,-2, ,
-22, ,-2, ,
-21, ,-2, ,
-21, ,-2, ,
-20, ,-2, ,
-20, ,-2, ,
-19, ,-2, ,
-19, ,-3, ,
-18, ,-3, ,
-17, ,-2, ,
-17, ,-3, ,
-16, ,-2, ,
-16, ,-3, ,
-15, ,-3, ,
-15, ,-2, ,
-12, ,-2, ,
-11, ,-3, ,
-11, ,-4, ,
-10, ,-3, ,
-11, ,-3, ,
-10, ,-3, ,
-9, ,-3, ,
-9, ,-3, ,
-7, ,-3, ,
-7, ,-3, ,
-6, ,-3, ,
-6, ,-3, ,
-5, ,-3, ,
-5, ,-3, ,
-4, ,-3, ,
-4, ,-3, ,
-3, ,-3, ,
-2, ,-3, ,
-2, ,-3, ,
-2, ,-3, ,
-1, ,-3, ,
0, ,-3, ,
1, ,-2, ,
1, ,-2, ,
1, ,-3, ,
3, ,-2, ,
2, ,-2, ,
3, ,-2, ,
4, ,-2, ,
4, ,-3, ,
4, ,-2, ,
6, ,-2, ,
4, ,-2, ,
6, ,-2, ,
6, ,-2, ,
7, ,-1, ,
7, ,-1, ,
8, ,-2, ,
8, ,-1, ,
9, ,-1, ,
8, ,-1, ,
9, ,-1, ,
11, ,-1, ,
9, ,-1, ,
11, ,-1, ,
12, ,0, ,
12, ,0, ,
13, ,0, ,
12, ,0, ,
12, ,0, ,
14, ,0, ,
14, ,2, ,
14, ,2, ,
15, ,2, ,
15, ,2, ,
15, ,3, ,
15, ,-11, ,
13, ,12, ,
18, ,-3, ,
13, ,0, ,
15, ,9, ,
13, ,-4, ,
12, ,4, ,
14, ,13, ,
13, ,-9, ,
12, ,2, ,
14, ,9, ,
12, ,-2, ,
11, ,3, ,
13, ,6, ,
13, ,3, ,
12, ,6, ,
12, ,3, ,
9, ,2, ,
12, ,6, ,
11, ,5, ,
9, ,2, ,
11, ,4, ,
9, ,6, ,
8, ,5, ,
7, ,4, ,
9, ,4, ,
9, ,4, ,
9, ,5, ,
7, ,5, ,
6, ,5, ,
6, ,5, ,
6, ,4, ,
6, ,5, ,
3, ,5, ,
4, ,5, ,
2, ,5, ,
2, ,5, ,
1, ,5, ,
1, ,5, ,
-1, ,5, ,
-1, ,5, ,
-2, ,5, ,
-2, ,5, ,
-3, ,5, ,
-3, ,4, ,
-4, ,5, ,
-5, ,5, ,
-6, ,5, ,
-6, ,5, ,
-7, ,5, ,
-8, ,5, ,
-9, ,5, ,
-9, ,5, ,
-9, ,5, ,
-11, ,4, ,
-11, ,4, ,
-12, ,5, ,
-12, ,4, ,
-15, ,5, ,
-13, ,4, ,
-15, ,4, ,
-15, ,4, ,
-16, ,4, ,
-16, ,4, ,
-16, ,4, ,
-17, ,4, ,
-18, ,3, ,
-18, ,3, ,
-18, ,3, ,
-18, ,3, ,
-19, ,3, ,
-20, ,3, ,
-20, ,3, ,
-21, ,3, ,
-21, ,2, ,
-21, ,2, ,
-21, ,2, ,
-22, ,2, ,
-22, ,2, ,
-22, ,2, ,
-22, ,2, ,
-23, ,0, ,
-23, ,0, ,
-23, ,0, ,
-24, ,0, ,
-24, ,0, ,
-25, ,0, ,
-25, ,0, ,
-25, ,0, ,
-24, ,-1, ,
-24, ,-1, ,
-24, ,-1, ,
-24, ,-3, ,
-23, ,-2, ,
-23, ,0, ,
-23, ,-2, ,
-22, ,-1, ,
-22, ,-1, ,
-21, ,-2, ,
-21, ,-1, ,
-20, ,-2, ,
-20, ,-2, ,
-19, ,-1, ,
-18, ,-2, ,
-18, ,-2, ,
-17, ,-2, ,
-17, ,-2, ,
-16, ,-2, ,
-15, ,-3, ,
-13, ,-2, ,
-13, ,-2, ,
-12, ,-2, ,
-11, ,-2, ,
-11, ,-2, ,
-10, ,-3, ,
-9, ,-2, ,
-9, ,-3, ,
-8, ,-2, ,
-7, ,-2, ,
-7, ,-2, ,
-6, ,-2, ,
-6, ,-2, ,
-5, ,-2, ,
-5, ,-2, ,
-3, ,-2, ,
-3, ,-2, ,
-4, ,-2, ,
-3, ,-2, ,
-2, ,-2, ,
-1, ,-2, ,
0, ,-2, ,
-1, ,-2, ,
0, ,-2, ,
1, ,-2, ,
1, ,-2, ,
1, ,-2, ,
3, ,-2, ,
3, ,-2, ,
3, ,-2, ,
4, ,-1, ,
5, ,-1, ,
6, ,-2, ,
6, ,-1, ,
6, ,-2, ,
6, ,-1, ,
6, ,-1, ,
7, ,-1, ,
7, ,-1, ,
8, ,0, ,
8, ,-1, ,
9, ,0, ,
9, ,0, ,
9, ,0, ,
11, ,0, ,
11, ,0, ,
12, ,0, ,
11, ,0, ,
13, ,0, ,
13, ,2, ,
12, ,0, ,
14, ,0, ,
15, ,2, ,
14, ,2, ,
14, ,2, ,
15, ,2, ,
15, ,11, ,
16, ,-2, ,
12, ,-3, ,
14, ,11, ,
14, ,3, ,
12, ,-9, ,
13, ,9, ,
13, ,6, ,
13, ,-5, ,
9, ,8, ,
14, ,5, ,
11, ,-1, ,
13, ,6, ,
12, ,2, ,
12, ,4, ,
12, ,6, ,
11, ,0, ,
9, ,4, ,
11, ,7, ,
8, ,2, ,
9, ,3, ,
9, ,5, ,
8, ,6, ,
6, ,5, ,
8, ,4, ,
7, ,4, ,
7, ,5, ,
7, ,5, ,
6, ,5, ,
5, ,4, ,
6, ,4, ,
5, ,5, ,
5, ,5, ,
4, ,5, ,
3, ,5, ,
2, ,5, ,
1, ,5, ,
1, ,5, ,
0, ,5, ,
-2, ,5, ,
-2, ,5, ,
-3, ,5, ,
-3, ,5, ,
-3, ,5, ,
-5, ,5, ,
-5, ,5, ,
-6, ,5, ,
-7, ,5, ,
-6, ,5, ,
-8, ,5, ,
-8, ,4, ,
-9, ,5, ,
-9, ,4, ,
-11, ,4, ,
-10, ,4, ,
-11, ,4, ,
-12, ,4, ,
-13, ,4, ,
-15, ,4, ,
-15, ,4, ,
-16, ,4, ,
-15, ,4, ,
-16, ,4, ,
-16, ,4, ,
-17, ,4, ,
-18, ,3, ,
-18, ,3, ,
-18, ,2, ,
-19, ,2, ,
-19, ,3, ,
-20, ,2, ,
-21, ,3, ,
-21, ,2, ,
-21, ,2, ,
-22, ,2, ,
-22, ,2, ,
-23, ,2, ,
-22, ,0, ,
-23, ,2, ,
-23, ,0, ,
-23, ,0, ,
-24, ,0, ,
-24, ,0, ,
-25, ,0, ,
-25, ,0, ,
-25, ,0, ,
-25, ,0, ,
-25, ,0, ,
-26, ,-1, ,
-26, ,-1, ,
-26, ,0, ,
-26, ,-1, ,
-25, ,-2, ,
-25, ,-1, ,
-24, ,-2, ,
-24, ,-2, ,
-24, ,-1, ,
-24, ,-2, ,
-23, ,-2, ,
-23, ,-2, ,
-22, ,-3, ,
-21, ,-2, ,
-21, ,-2, ,
-20, ,-4, ,
-19, ,-2, ,
-19, ,-2, ,
-19, ,-3, ,
-17, ,-3, ,
-17, ,-2, ,
-16, ,-2, ,
-16, ,-2, ,
-15, ,-3, ,
-15, ,-2, ,
-12, ,-3, ,
-12, ,-2, ,
-11, ,-3, ,
-11, ,-3, ,
-10, ,-3, ,
-10, ,-3, ,
-8, ,-3, ,
-8, ,-2, ,
-7, ,-3, ,
-7, ,-2, ,
-6, ,-3, ,
-6, ,-3, ,
-4, ,-3, ,
-4, ,-3, ,
-3, ,-2, ,
-2, ,-3, ,
-3, ,-2, ,
-3, ,-2, ,
-1, ,-2, ,
-1, ,-2, ,
0, ,-2, ,
1, ,-2, ,
1, ,-2, ,
2, ,-2, ,
3, ,-2, ,
3, ,-2, ,
3, ,-2, ,
4, ,-2, ,
4, ,-2, ,
5, ,-1, ,
6, ,-2, ,
5, ,-2, ,
6, ,-1, ,
7, ,-1, ,
7, ,-1, ,
8, ,-1, ,
7, ,-1, ,
9, ,-1, ,
8, ,-1, ,
9, ,-1, ,
11, ,0, ,
11, ,0, ,
11, ,0, ,
12, ,0, ,
12, ,0, ,
13, ,0, ,
13, ,0, ,
12, ,0, ,
14, ,2, ,
13, ,2, ,
14, ,2, ,
15, ,2, ,
14, ,3, ,
14, ,-1, ,
16, ,14, ,
18, ,-3, ,
12, ,-5, ,
14, ,11, ,
14, ,2, ,
12, ,-7, ,
14, ,11, ,
15, ,5, ,
13, ,-3, ,
13, ,9, ,
13, ,4, ,
13, ,-1, ,
12, ,6, ,
12, ,2, ,
12, ,4, ,
12, ,6, ,
11, ,0, ,
11, ,4, ,
11, ,7, ,
9, ,2, ,
11, ,4, ,
9, ,6, ,
8, ,6, ,
7, ,5, ,
9, ,4, ,
8, ,4, ,
8, ,5, ,
7, ,5, ,
6, ,5, ,
6, ,5, ,
7, ,5, ,
5, ,5, ,
5, ,5, ,
4, ,5, ,
3, ,5, ,
3, ,5, ,
1, ,5, ,
1, ,5, ,
0, ,5, ,
-1, ,5, ,
-2, ,5, ,
-2, ,5, ,
-3, ,5, ,
-4, ,5, ,
-5, ,5, ,
-5, ,5, ,
-5, ,5, ,
-6, ,5, ,
-6, ,5, ,
-7, ,5, ,
-7, ,5, ,
-9, ,5, ,
-9, ,5, ,
-9, ,5, ,
-11, ,5, ,
-11, ,5, ,
-13, ,5, ,
-13, ,4, ,
-13, ,4, ,
-13, ,4, ,
-15, ,4, ,
-15, ,4, ,
-16, ,4, ,
-16, ,4, ,
-17, ,4, ,
-17, ,3, ,
-17, ,3, ,
-18, ,3, ,
-18, ,3, ,
-18, ,3, ,
-19, ,3, ,
-19, ,2, ,
-20, ,3, ,
-21, ,2, ,
-21, ,3, ,
-21, ,2, ,
-21, ,2, ,
-21, ,2, ,
-22, ,2, ,
-22, ,2, ,
-22, ,0, ,
-22, ,0, ,
-22, ,0, ,
-23, ,0, ,
-23, ,0, ,
-24, ,0, ,
-24, ,-1, ,
-24, ,0, ,
-24, ,-1, ,
-24, ,-2, ,
-23, ,0, ,
-23, ,-2, ,
-22, ,-1, ,
-22, ,-1, ,
-22, ,-3, ,
-21, ,-2, ,
-21, ,-1, ,
-20, ,-2, ,
-20, ,-1, ,
-19, ,-2, ,
-18, ,-2, ,
-18, ,-1, ,
-17, ,-2, ,
-17, ,-2, ,
-17, ,-2, ,
-16, ,-1, ,
-15, ,-2, ,
-13, ,-2, ,
-12, ,-3, ,
-11, ,-2, ,
-11, ,-2, ,
-10, ,-2, ,
-10, ,-3, ,
-9, ,-3, ,
-9, ,-3, ,
-9, ,-2, ,
-8, ,-2, ,
-6, ,-2, ,
-6, ,-3, ,
-6, ,-2, ,
-6, ,-2, ,
-5, ,-3, ,
-4, ,-3, ,
-3, ,-2, ,
-3, ,-2, ,
-3, ,-2, ,
-1, ,-2, ,
0, ,-2, ,
0, ,-2, ,
0, ,-2, ,
0, ,-2, ,
1, ,-2, ,
1, ,-3, ,
3, ,-2, ,
3, ,-2, ,
3, ,-2, ,
3, ,-2, ,
4, ,-2, ,
4, ,-2, ,
6, ,-2, ,
6, ,-2, ,
6, ,-2, ,
6, ,-2, ,
7, ,-1, ,
7, ,-2, ,
8, ,-1, ,
7, ,-1, ,
8, ,-1, ,
9, ,-1, ,
11, ,-1, ,
11, ,0, ,
12, ,-1, ,
9, ,0, ,
11, ,0, ,
12, ,0, ,
13, ,0, ,
12, ,0, ,
13, ,0, ,
13, ,0, ,
13, ,0, ,
14, ,0, ,
15, ,0, ,
15, ,0, ,
15, ,0, ,
15, ,-3, ,
16, ,14, ,
12, ,-3, ,
14, ,-5, ,
15, ,12, ,
14, ,3, ,
12, ,-10, ,
14, ,9, ,
14, ,6, ,
12, ,-6, ,
12, ,6, ,
13, ,7, ,
12, ,-1, ,
13, ,6, ,
11, ,2, ,
12, ,3, ,
9, ,6, ,
9, ,0, ,
12, ,3, ,
9, ,6, ,
9, ,2, ,
8, ,2, ,
8, ,4, ,
8, ,6, ,
9, ,5, ,
9, ,4, ,
7, ,3, ,
7, ,4, ,
7, ,5, ,
6, ,4, ,
6, ,5, ,
6, ,5, ,
4, ,5, ,
3, ,5, ,
3, ,4, ,
2, ,4, ,
2, ,5, ,
0, ,5, ,
0, ,5, ,
-1, ,5, ,
-2, ,5, ,
-2, ,5, ,
-3, ,4, ,
-3, ,5, ,
-5, ,5, ,
-5, ,4, ,
-5, ,4, ,
-6, ,5, ,
-8, ,4, ,
-7, ,5, ,
-9, ,5, ,
-9, ,4, ,
-9, ,4, ,
-11, ,4, ,
-11, ,4, ,
-11, ,4, ,
-12, ,4, ,
-13, ,4, ,
-13, ,4, ,
-15, ,4, ,
-16, ,4, ,
-16, ,4, ,
-17, ,3, ,
-17, ,4, ,
-17, ,3, ,
-17, ,3, ,
-18, ,3, ,
-19, ,3, ,
-19, ,3, ,
-19, ,2, ,
-20, ,3, ,
-20, ,2, ,
-20, ,2, ,
-21, ,2, ,
-21, ,2, ,
-22, ,2, ,
-22, ,2, ,
-22, ,2, ,
-22, ,2, ,
-22, ,0, ,
-23, ,0, ,
-23, ,0, ,
-23, ,0, ,
-24, ,0, ,
-24, ,0, ,
-25, ,-2, ,
-25, ,0, ,
-25, ,0, ,
-24, ,-2, ,
-24, ,0, ,
-24, ,-1, ,
-24, ,-1, ,
-24, ,-2, ,
-23, ,-2, ,
-22, ,-2, ,
-22, ,-1, ,
-22, ,-2, ,
-21, ,-2, ,
-21, ,-2, ,
-20, ,-3, ,
-20, ,-2, ,
-19, ,-2, ,
-19, ,-3, ,
-18, ,-3, ,
-18, ,-2, ,
-17, ,-3, ,
-16, ,-2, ,
-16, ,-3, ,
-15, ,-3, ,
-13, ,-2, ,
-12, ,-2, ,
-12, ,-3, ,
-11, ,-3, ,
-11, ,-3, ,
-9, ,-3, ,
-9, ,-3, ,
-9, ,-3, ,
-8, ,-3, ,
-8, ,-3, ,
-7, ,-3, ,
-7, ,-3, ,
-6, ,-3, ,
-5, ,-3, ,
-5, ,-3, ,
-3, ,-3, ,
-3, ,-3, ,
-3, ,-3, ,
-3, ,-3, ,
-2, ,-3, ,
-1, ,-3, ,
0, ,-2, ,
0, ,-3, ,
0, ,-2, ,
1, ,-3, ,
1, ,-3, ,
2, ,-2, ,
3, ,-3, ,
3, ,-2, ,
3, ,-2, ,
5, ,-2, ,
3, ,-2, ,
5, ,-2, ,
5, ,-2, ,
6, ,-2, ,
6, ,-2, ,
7, ,-1, ,
6, ,-1, ,
7, ,-2, ,
8, ,-1, ,
8, ,-1, ,
9, ,-1, ,
9, ,-1, ,
11, ,-1, ,
11, ,-1, ,
9, ,-1, ,
11, ,-1, ,
12, ,-1, ,
13, ,0, ,
13, ,0, ,
14, ,0, ,
13, ,0, ,
14, ,0, ,
14, ,2, ,
14, ,2, ,
15, ,2, ,
15, ,3, ,
18, ,-13, ,
11, ,13, ,
14, ,-3, ,
14, ,-1, ,
12, ,9, ,
13, ,-3, ,
14, ,0, ,
11, ,13, ,
13, ,-6, ,
13, ,0, ,
12, ,9, ,
13, ,-2, ,
12, ,3, ,
12, ,6, ,
11, ,3, ,
11, ,4, ,
11, ,4, ,
9, ,2, ,
9, ,5, ,
8, ,6, ,
9, ,2, ,
8, ,4, ,
8, ,6, ,
8, ,5, ,
9, ,4, ,
8, ,4, ,
7, ,4, ,
5, ,5, ,
6, ,5, ,
6, ,4, ,
5, ,4, ,
5, ,4, ,
3, ,5, ,
3, ,5, ,
1, ,4, ,
0, ,5, ,
0, ,4, ,
0, ,5, ,
-2, ,5, ,
-1, ,4, ,
-4, ,5, ,
-4, ,5, ,
-4, ,5, ,
-5, ,5, ,
-5, ,5, ,
-5, ,5, ,
-7, ,5, ,
-7, ,5, ,
-8, ,5, ,
-9, ,5, ,
-9, ,5, ,
-10, ,4, ,
-10, ,4, ,
-11, ,4, ,
-12, ,4, ,
-12, ,4, ,
-13, ,4, ,
-15, ,4, ,
-15, ,4, ,
-15, ,4, ,
-17, ,4, ,
-17, ,4, ,
-17, ,4, ,
-17, ,3, ,
-18, ,3, ,
-18, ,3, ,
-19, ,3, ,
-19, ,3, ,
-20, ,3, ,
-20, ,3, ,
-21, ,3, ,
-21, ,3, ,
-21, ,3, ,
-22, ,2, ,
-22, ,2, ,
-23, ,2, ,
-22, ,2, ,
-23, ,2, ,
-23, ,0, ,
-23, ,2, ,
-24, ,2, ,
-24, ,0, ,
-24, ,0, ,
-25, ,0, ,
-25, ,-1, ,
-25, ,0, ,
-25, ,0, ,
-25, ,-1, ,
-24, ,-1, ,
-24, ,-1, ,
-24, ,-1, ,
-23, ,-1, ,
-23, ,-1, ,
-23, ,-2, ,
-22, ,-1, ,
-22, ,-1, ,
-21, ,-2, ,
-20, ,-2, ,
-20, ,-3, ,
-20, ,-2, ,
-19, ,-2, ,
-19, ,-3, ,
-18, ,-2, ,
-17, ,-2, ,
-17, ,-3, ,
-15, ,-2, ,
-16, ,-3, ,
-15, ,-3, ,
-12, ,-2, ,
-12, ,-2, ,
-11, ,-2, ,
-11, ,-3, ,
-11, ,-3, ,
-9, ,-3, ,
-9, ,-3, ,
-8, ,-3, ,
-8, ,-3, ,
-7, ,-3, ,
-7, ,-3, ,
-5, ,-3, ,
-5, ,-3, ,
-5, ,-3, ,
-4, ,-3, ,
-3, ,-2, ,
-2, ,-3, ,
-3, ,-3, ,
-1, ,-3, ,
-1, ,-3, ,
-1, ,-2, ,
0, ,-2, ,
1, ,-2, ,
2, ,-2, ,
1, ,-2, ,
2, ,-2, ,
3, ,-3, ,
3, ,-2, ,
4, ,-2, ,
4, ,-2, ,
4, ,-2, ,
5, ,-2, ,
6, ,-2, ,
6, ,-2, ,
7, ,-1, ,
7, ,-2, ,
7, ,-1, ,
7, ,-1, ,
8, ,-2, ,
9, ,-1, ,
9, ,-1, ,
9, ,-1, ,
8, ,-1, ,
11, ,-1, ,
11, ,0, ,
12, ,0, ,
12, ,0, ,
13, ,0, ,
13, ,0, ,
13, ,0, ,
13, ,0, ,
13, ,2, ,
15, ,0, ,
14, ,0, ,
15, ,2, ,
15, ,2, ,
16, ,3, ,
13, ,-3, ,
14, ,6, ,
15, ,-2, ,
13, ,7, ,
12, ,7, ,
14, ,-9, ,
13, ,7, ,
9, ,7, ,
13, ,-7, ,
13, ,6, ,
13, ,7, ,
13, ,-2, ,
11, ,7, ,
12, ,2, ,
11, ,3, ,
9, ,6, ,
9, ,0, ,
9, ,3, ,
9, ,6, ,
9, ,3, ,
9, ,3, ,
6, ,5, ,
7, ,6, ,
9, ,5, ,
8, ,4, ,
8, ,4, ,
6, ,4, ,
5, ,5, ,
6, ,5, ,
5, ,4, ,
4, ,5, ,
3, ,5, ,
2, ,5, ,
1, ,5, ,
1, ,5, ,
1, ,5, ,
0, ,5, ,
-1, ,5, ,
-2, ,5, ,
-3, ,5, ,
-3, ,5, ,
-4, ,5, ,
-5, ,4, ,
-5, ,5, ,
-6, ,5, ,
-7, ,5, ,
-7, ,4, ,
-8, ,4, ,
-8, ,5, ,
-9, ,4, ,
-9, ,4, ,
-10, ,5, ,
-11, ,4, ,
-12, ,4, ,
-12, ,4, ,
-13, ,4, ,
-13, ,4, ,
-15, ,4, ,
-15, ,4, ,
-16, ,4, ,
-16, ,4, ,
-17, ,4, ,
-17, ,4, ,
-17, ,3, ,
-18, ,3, ,
-18, ,3, ,
-19, ,3, ,
-20, ,3, ,
-20, ,3, ,
-21, ,3, ,
-21, ,2, ,
-21, ,3, ,
-21, ,2, ,
-22, ,2, ,
-22, ,2, ,
-22, ,2, ,
-22, ,2, ,
-23, ,0, ,
-23, ,0, ,
-24, ,2, ,
-24, ,0, ,
-24, ,-1, ,
-24, ,0, ,
-24, ,0, ,
-25, ,0, ,
-26, ,-1, ,
-26, ,-2, ,
-25, ,-1, ,
-25, ,-1, ,
-25, ,-1, ,
-25, ,-2, ,
-24, ,0, ,
-24, ,-1, ,
-24, ,-1, ,
-24, ,-1, ,
-23, ,-2, ,
-23, ,-2, ,
-22, ,-1, ,
-22, ,-2, ,
-21, ,-2, ,
-21, ,-1, ,
-20, ,-3, ,
-19, ,-2, ,
-18, ,-2, ,
-18, ,-3, ,
-17, ,-2, ,
-16, ,-3, ,
-16, ,-2, ,
-15, ,-3, ,
-13, ,-2, ,
-12, ,-2, ,
-12, ,-3, ,
-11, ,-3, ,
-10, ,-3, ,
-10, ,-3, ,
-9, ,-3, ,
-9, ,-3, ,
-9, ,-3, ,
-8, ,-3, ,
-7, ,-3, ,
-6, ,-3, ,
-6, ,-3, ,
-5, ,-3, ,
-5, ,-3, ,
-4, ,-3, ,
-3, ,-3, ,
-3, ,-3, ,
-2, ,-3, ,
-1, ,-3, ,
-2, ,-3, ,
0, ,-3, ,
1, ,-3, ,
1, ,-3, ,
1, ,-3, ,
2, ,-3, ,
2, ,-3, ,
3, ,-3, ,
2, ,-3, ,
3, ,-3, ,
5, ,-2, ,
5, ,-2, ,
5, ,-2, ,
6, ,-2, ,
6, ,-2, ,
7, ,-2, ,
8, ,-2, ,
8, ,-2, ,
8, ,-2, ,
9, ,-2, ,
9, ,-2, ,
11, ,-1, ,
11, ,-1, ,
11, ,-1, ,
11, ,-1, ,
11, ,-1, ,
13, ,0, ,
13, ,-1, ,
13, ,0, ,
13, ,0, ,
15, ,0, ,
15, ,0, ,
15, ,0, ,
15, ,0, ,
15, ,0, ,
15, ,0, ,
15, ,0, ,
19, ,3, ,
13, ,-13, ,
16, ,14, ,
13, ,-3, ,
12, ,-4, ,
15, ,12, ,
14, ,-3, ,
13, ,-2, ,
15, ,13, ,
14, ,-3, ,
13, ,-2, ,
14, ,9, ,
13, ,-2, ,
12, ,0, ,
12, ,6, ,
9, ,3, ,
9, ,4, ,
11, ,4, ,
9, ,3, ,
11, ,5, ,
9, ,6, ,
7, ,2, ,
7, ,4, ,
9, ,6, ,
9, ,5, ,
8, ,3, ,
7, ,4, ,
6, ,4, ,
6, ,5, ,
6, ,5, ,
6, ,4, ,
5, ,4, ,
5, ,5, ,
2, ,5, ,
1, ,4, ,
2, ,5, ,
1, ,4, ,
0, ,5, ,
0, ,5, ,
-1, ,4, ,
-3, ,5, ,
-3, ,5, ,
-4, ,5, ,
-4, ,5, ,
-4, ,4, ,
-5, ,5, ,
-6, ,5, ,
-7, ,4, ,
-7, ,5, ,
-7, ,4, ,
-9, ,5, ,
-9, ,5, ,
-10, ,4, ,
-10, ,4, ,
-12, ,4, ,
-12, ,4, ,
-12, ,4, ,
-13, ,4, ,
-13, ,4, ,
-15, ,4, ,
-15, ,4, ,
-15, ,4, ,
-16, ,4, ,
-16, ,3, ,
-17, ,3, ,
-17, ,3, ,
-18, ,3, ,
-18, ,3, ,
-19, ,3, ,
-20, ,3, ,
-20, ,3, ,
-20, ,3, ,
-21, ,3, ,
-21, ,3, ,
-21, ,2, ,
-21, ,2, ,
-21, ,2, ,
-22, ,3, ,
-22, ,2, ,
-22, ,2, ,
-22, ,2, ,
-23, ,2, ,
-23, ,0, ,
-24, ,0, ,
-24, ,0, ,
-24, ,0, ,
-24, ,-1, ,
-24, ,0, ,
-23, ,-1, ,
-23, ,0, ,
-23, ,-1, ,
-22, ,-1, ,
-22, ,-1, ,
-22, ,0, ,
-21, ,-1, ,
-21, ,-1, ,
-21, ,-3, ,
-20, ,-1, ,
-19, ,-1, ,
-19, ,-2, ,
-18, ,-2, ,
-17, ,-3, ,
-17, ,-3, ,
-16, ,-1, ,
-15, ,-2, ,
-15, ,-2, ,
-13, ,-2, ,
-13, ,-2, ,
-12, ,-2, ,
-11, ,-3, ,
-11, ,-2, ,
-10, ,-2, ,
-9, ,-2, ,
-8, ,-3, ,
-8, ,-3, ,
-7, ,-3, ,
-7, ,-2, ,
-6, ,-2, ,
-5, ,-3, ,
-5, ,-3, ,
-4, ,-3, ,
-4, ,-3, ,
-3, ,-3, ,
-3, ,-2, ,
-2, ,-2, ,
-2, ,-3, ,
-2, ,-2, ,
-1, ,-2, ,
-1, ,-3, ,
1, ,-2, ,
1, ,-2, ,
2, ,-2, ,
2, ,-2, ,
3, ,-2, ,
3, ,-2, ,
2, ,-2, ,
4, ,-2, ,
4, ,-2, ,
5, ,-2, ,
5, ,-2, ,
6, ,-2, ,
6, ,-2, ,
6, ,-1, ,
8, ,-1, ,
8, ,-1, ,
8, ,-1, ,
9, ,-1, ,
8, ,-1, ,
9, ,-1, ,
11, ,-1, ,
11, ,-1, ,
11, ,0, ,
13, ,0, ,
11, ,-1, ,
12, ,0, ,
13, ,0, ,
13, ,0, ,
13, ,0, ,
14, ,0, ,
13, ,2, ,
15, ,0, ,
15, ,2, ,
15, ,2, ,
16, ,0, ,
14, ,2, ,
16, ,2, ,
16, ,3, ,
16, ,3, ,
16, ,2, ,
17, ,3, ,
16, ,3, ,
17, ,3, ,
18, ,3, ,
17, ,3, ,
17, ,3, ,
18, ,3, ,
19, ,4, ,
18, ,4, ,
19, ,4, ,
18, ,5, ,
19, ,4, ,
19, ,4, ,
18, ,5, ,
19, ,5, ,
18, ,5, ,
18, ,5, ,
18, ,5, ,
18, ,5, ,
20, ,5, ,
19, ,5, ,
19, ,5, ,
19, ,6, ,
20, ,6, ,
20, ,6, ,
20, ,6, ,
19, ,6, ,
19, ,6, ,
19, ,7, ,
19, ,6, ,
19, ,7, ,
21, ,7, ,
18, ,7, ,
18, ,7, ,
19, ,7, ,
19, ,8, ,
19, ,8, ,
19, ,8, ,
20, ,8, ,
20, ,8, ,
20, ,8, ,
19, ,8, ,
19, ,8, ,
18, ,8, ,
17, ,9, ,
17, ,9, ,
19, ,8, ,
18, ,9, ,
18, ,9, ,
18, ,9, ,
19, ,9, ,
19, ,11, ,
18, ,9, ,
18, ,11, ,
17, ,11, ,
17, ,11, ,
18, ,11, ,
15, ,11, ,
17, ,11, ,
17, ,11, ,
16, ,11, ,
16, ,11, ,
18, ,11, ,
17, ,12, ,
15, ,12, ,
15, ,11, ,
16, ,12, ,
16, ,12, ,
15, ,12, ,
15, ,12, ,
15, ,12, ,
15, ,12, ,
15, ,12, ,
15, ,13, ,
15, ,12, ,
15, ,12, ,
14, ,13, ,
14, ,12, ,
13, ,13, ,
12, ,13, ,
13, ,13, ,
13, ,13, ,
14, ,13, ,
13, ,13, ,
12, ,13, ,
12, ,13, ,
12, ,13, ,
12, ,13, ,
11, ,13, ,
12, ,13, ,
11, ,13, ,
11, ,13, ,
11, ,13, ,
11, ,13, ,
9, ,13, ,
9, ,14, ,
9, ,13, ,
9, ,14, ,
7, ,14, ,
7, ,14, ,
8, ,14, ,
8, ,14, ,
8, ,13, ,
7, ,13, ,
8, ,13, ,
6, ,14, ,
7, ,14, ,
7, ,14, ,
6, ,14, ,
7, ,14, ,
5, ,14, ,
6, ,14, ,
5, ,14, ,
5, ,14, ,
6, ,14, ,
5, ,13, ,
5, ,14, ,
4, ,14, ,
4, ,14, ,
3, ,14, ,
3, ,14, ,
2, ,14, ,
3, ,14, ,
3, ,14, ,
2, ,14, ,
3, ,14, ,
2, ,14, ,
3, ,14, ,
2, ,14, ,
2, ,14, ,
1, ,14, ,
1, ,14, ,
1, ,13, ,
0, ,13, ,
1, ,13, ,
1, ,14, ,
0, ,13, ,
1, ,13, ,
0, ,13, ,
0, ,13, ,
0, ,13, ,
-1, ,13, ,
0, ,13, ,
-1, ,13, ,
-1, ,13, ,
-1, ,13, ,
-1, ,13, ,
-2, ,13, ,
-1, ,13, ,
-1, ,13, ,
-2, ,13, ,
-2, ,13, ,
-2, ,13, ,
-2, ,13, ,
-2, ,13, ,
-3, ,12, ,
-2, ,12, ,
-3, ,13, ,
-3, ,12, ,
-3, ,12, ,
-3, ,12, ,
-3, ,12, ,
-4, ,13, ,
-4, ,12, ,
-3, ,12, ,
-4, ,12, ,
-4, ,12, ,
-4, ,12, ,
-5, ,12, ,
-4, ,12, ,
-6, ,12, ,
-4, ,11, ,
-5, ,11, ,
-5, ,12, ,
-5, ,11, ,
-5, ,11, ,
-6, ,11, ,
-5, ,11, ,
-6, ,11, ,
-6, ,11, ,
-5, ,11, ,
-5, ,11, ,
-7, ,11, ,
-6, ,11, ,
-6, ,11, ,
-6, ,11, ,
-6, ,11, ,
-6, ,11, ,
-6, ,11, ,
-6, ,11, ,
-6, ,11, ,
-6, ,11, ,
-7, ,11, ,
-7, ,9, ,
-6, ,11, ,
-8, ,9, ,
-7, ,9, ,
-7, ,9, ,
-7, ,9, ,
-7, ,9, ,
-8, ,9, ,
-8, ,8, ,
-7, ,9, ,
-7, ,9, ,
-7, ,9, ,
-8, ,8, ,
-7, ,9, ,
-7, ,9, ,
-8, ,9, ,
-8, ,9, ,
-8, ,8, ,
-7, ,8, ,
-9, ,8, ,
-8, ,8, ,
-8, ,8, ,
-8, ,8, ,
-8, ,8, ,
-7, ,8, ,
-8, ,8, ,
-8, ,7, ,
-8, ,7, ,
-9, ,8, ,
-8, ,8, ,
-8, ,7, ,
-8, ,7, ,
-8, ,7, ,
-8, ,7, ,
-8, ,7, ,
-8, ,7, ,
-8, ,8, ,
-8, ,7, ,
-9, ,7, ,
-8, ,7, ,
-8, ,7, ,
-8, ,7, ,
-8, ,7, ,
-8, ,7, ,
-8, ,6, ,
-9, ,7, ,
-9, ,6, ,
-8, ,6, ,
-8, ,6, ,
-8, ,6, ,
-8, ,6, ,
-8, ,6, ,
-8, ,6, ,
-8, ,6, ,
-8, ,6, ,
-8, ,6, ,
-8, ,6, ,
-8, ,6, ,
-8, ,6, ,
-8, ,5, ,
-8, ,6, ,
-7, ,6, ,
-8, ,5, ,
-8, ,6, ,
-8, ,5, ,
-8, ,5, ,
-8, ,5, ,
-8, ,5, ,
-8, ,5, ,
-8, ,5, ,
-7, ,5, ,
-8, ,5, ,
-8, ,5, ,
-7, ,5, ,
-8, ,5, ,
-7, ,5, ,
-8, ,5, ,
-8, ,5, ,
-8, ,5, ,
-8, ,5, ,
-8, ,5, ,
-7, ,4, ,
-8, ,4, ,
-7, ,4, ,
-7, ,5, ,
-7, ,5, ,
-7, ,4, ,
-7, ,4, ,
-8, ,5, ,
-7, ,4, ,
-7, ,4, ,
-7, ,4, ,
-7, ,4, ,
-7, ,4, ,
-8, ,4, ,
-7, ,4, ,
-6, ,4, ,
-7, ,4, ,
-7, ,3, ,
-7, ,4, ,
-7, ,4, ,
-6, ,4, ,
-7, ,3, ,
-6, ,4, ,
-7, ,3, ,
-6, ,4, ,
-6, ,3, ,
-7, ,3, ,
-6, ,3, ,
-6, ,3, ,
-6, ,3, ,
-6, ,3, ,
-6, ,4, ,
-7, ,3, ,
-6, ,4, ,
-6, ,3, ,
-6, ,4, ,
-6, ,3, ,
-5, ,3, ,
-7, ,3, ,
-6, ,3, ,
-5, ,3, ,
-6, ,4, ,
-6, ,4, ,
-5, ,3, ,
-6, ,3, ,
-5, ,3, ,
-5, ,3, ,
-5, ,3, ,
-5, ,3, ,
-6, ,3, ,
-5, ,3, ,
-5, ,3, ,
-6, ,3, ,
-6, ,3, ,
-5, ,3, ,
-5, ,3, ,
-5, ,3, ,
-5, ,3, ,
-6, ,3, ,
-6, ,3, ,
-5, ,3, ,
-5, ,3, ,
-4, ,3, ,
-5, ,3, ,
-5, ,3, ,
-5, ,3, ,
-5, ,3, ,
-5, ,3, ,
-5, ,3, ,
-5, ,3, ,
-5, ,3, ,
-5, ,2, ,
-4, ,3, ,
-4, ,3, ,
-4, ,3, ,
-5, ,3, ,
-5, ,2, ,
-5, ,2, ,
-4, ,2, ,
-4, ,2, ,
-4, ,3, ,
-4, ,3, ,
-4, ,3, ,
-4, ,3, ,
-4, ,3, ,
-5, ,3, ,
-3, ,3, ,
-4, ,3, ,
-4, ,2, ,
-4, ,2, ,
-4, ,2, ,
-5, ,2, ,
-4, ,2, ,
-4, ,2, ,
-4, ,3, ,
-4, ,3, ,
-4, ,3, ,
-3, ,2, ,
-4, ,2, ,
-3, ,2, ,
-4, ,3, ,
-4, ,2, ,
-3, ,2, ,
-3, ,3, ,
-4, ,3, ,
-3, ,2, ,
-3, ,2, ,
-4, ,2, ,
-3, ,3, ,
-3, ,2, ,
-4, ,2, ,
-3, ,2, ,
-4, ,3, ,
-3, ,2, ,
-3, ,2, ,
-3, ,2, ,
-3, ,2, ,
-3, ,3, ,
-4, ,2, ,
-4, ,2, ,
-4, ,3, ,
-4, ,2, ,
-3, ,3, ,
-4, ,3, ,
-4, ,2, ,
-3, ,3, ,
-4, ,3, ,
-4, ,2, ,
-3, ,2, ,
-3, ,2, ,
-3, ,2, ,
-3, ,2, ,
-4, ,2, ,
-3, ,2, ,
-4, ,2, ,
-4, ,3, ,
-3, ,2, ,
-3, ,2, ,
-3, ,2, ,
-4, ,2, ,
-3, ,3, ,
-3, ,2, ,
-3, ,3, ,
-3, ,2, ,
-3, ,3, ,
-4, ,2, ,
-2, ,3, ,
-3, ,3, ,
-3, ,2, ,
-3, ,3, ,
-3, ,3, ,
-4, ,3, ,
-3, ,2, ,
-3, ,2, ,
-2, ,2, ,
-2, ,2, ,
-4, ,3, ,
-3, ,3, ,
-3, ,2, ,
-3, ,3, ,
-4, ,2, ,
-4, ,2, ,
-3, ,3, ,
-3, ,2, ,
-3, ,2, ,
-3, ,3, ,
-3, ,2, ,
-4, ,2, ,
-3, ,3, ,
-3, ,3, ,
-3, ,3, ,
-3, ,3, ,
-3, ,3, ,
-3, ,2, ,
-3, ,3, ,
-3, ,2, ,
-4, ,3, ,
-3, ,2, ,
-3, ,3, ,
-3, ,2, ,
-3, ,3, ,
-3, ,2, ,
-3, ,2, ,
-4, ,3, ,
-3, ,3, ,
-3, ,2, ,
-3, ,2, ,
-3, ,3, ,
-4, ,2, ,
-3, ,2, ,
-3, ,2, ,
-3, ,2, ,
-3, ,2, ,
-4, ,2, ,
-3, ,2, ,
-3, ,2, ,
-3, ,3, ,
-3, ,2, ,
-4, ,2, ,
-4, ,2, ,
-3, ,2, ,
-4, ,3, ,
-3, ,2, ,
-3, ,2, ,
-3, ,2, ,
-3, ,2, ,
-4, ,2, ,
-4, ,2, ,
-4, ,3, ,
-4, ,3, ,
-3, ,2, ,
-4, ,3, ,
-3, ,2, ,
-4, ,3, ,
-3, ,2, ,
-3, ,3, ,
-3, ,2, ,
-3, ,3, ,
-4, ,2, ,
-3, ,2, ,
-3, ,2, ,
-3, ,3, ,
-4, ,2, ,
-3, ,3, ,
-4, ,2, ,
-3, ,2, ,
-4, ,2, ,
-4, ,2, ,
-3, ,2, ,
-3, ,2, ,
-3, ,2, ,
-3, ,2, ,
-4, ,2, ,
-4, ,3, ,
-3, ,2, ,
-4, ,2, ,
-3, ,3, ,
-4, ,2, ,
-4, ,2, ,
-3, ,2, ,
-4, ,2, ,
-3, ,2, ,
-3, ,3, ,
-4, ,3, ,
-4, ,2, ,
-3, ,3, ,
-4, ,3, ,
-5, ,2, ,
-4, ,2, ,
-4, ,2, ,
-4, ,2, ,
-3, ,3, ,
-4, ,3, ,
-4, ,2, ,
-3, ,2, ,
-4, ,2, ,
-4, ,2, ,
-3, ,2, ,
-3, ,3, ,
-4, ,3, ,
-4, ,2, ,
-4, ,2, ,
-4, ,3, ,
-4, ,2, ,
-3, ,0, ,
-3, ,3, ,
-5, ,2, ,
-4, ,2, ,
-4, ,2, ,
-4, ,2, ,
-4, ,2, ,
-3, ,2, ,
-5, ,2, ,
-5, ,2, ,
-4, ,2, ,
-4, ,3, ,
-4, ,2, ,
-3, ,2, ,
-5, ,3, ,
-4, ,2, ,
-4, ,2, ,
-4, ,2, ,
-4, ,2, ,
-5, ,2, ,
-4, ,2, ,
-4, ,3, ,
-3, ,2, ,
-4, ,3, ,
-4, ,2, ,
-3, ,2, ,
-5, ,2, ,
-4, ,2, ,
-4, ,2, ,
-4, ,2, ,
-4, ,3, ,
-4, ,2, ,
-5, ,3, ,
-4, ,2, ,
-4, ,2, ,
-4, ,2, ,
-4, ,2, ,
-5, ,2, ,
-4, ,2, ,
-4, ,2, ,
-4, ,2, ,
-4, ,2, ,
-4, ,3, ,
-4, ,2, ,
-5, ,2, ,
-4, ,2, ,
-4, ,2, ,
-4, ,2, ,
-4, ,2, ,
-4, ,2, ,
-4, ,2, ,
-4, ,2, ,
-4, ,2, ,
-5, ,2, ,
-4, ,3, ,
-5, ,3, ,
-4, ,2, ,
-4, ,2, ,
-4, ,3, ,
-4, ,2, ,
-4, ,2, ,
-5, ,2, ,
-4, ,2, ,
-4, ,2, ,
-5, ,2, ,
-5, ,2, ,
-4, ,2, ,
-4, ,2, ,
-5, ,2, ,
-4, ,2, ,
-4, ,2, ,
-4, ,2, ,
-5, ,2, ,
-5, ,2, ,
-4, ,2, ,
-4, ,2, ,
-4, ,2, ,
-4, ,2, ,
-4, ,3, ,
-4, ,2, ,
-5, ,2, ,
-4, ,2, ,
-4, ,2, ,
-5, ,2, ,
-4, ,2, ,
-4, ,2, ,
-5, ,2, ,
-4, ,2, ,
-4, ,2, ,
-5, ,2, ,
-4, ,0, ,
-4, ,2, ,
-4, ,2, ,
-4, ,2, ,
-4, ,2, ,
-4, ,2, ,
-5, ,2, ,
-5, ,2, ,
-4, ,2, ,
-4, ,2, ,
-5, ,2, ,
-3, ,2, ,
-4, ,2, ,
-4, ,2, ,
-4, ,2, ,
-4, ,2, ,
-4, ,0, ,
-4, ,2, ,
-4, ,2, ,
-4, ,2, ,
-4, ,2, ,
-5, ,2, ,
-4, ,2, ,
-4, ,2, ,
-5, ,2, ,
-5, ,2, ,
-4, ,2, ,
-4, ,2, ,
-4, ,2, ,
-5, ,2, ,
-4, ,2, ,
-4, ,2, ,
-4, ,2, ,
-4, ,2, ,
-4, ,2, ,
-4, ,2, ,
-4, ,2, ,
-4, ,2, ,
-4, ,2, ,
-4, ,2, ,
-5, ,2, ,
-4, ,2, ,
-5, ,2, ,
-5, ,2, ,
-4, ,2, ,
-4, ,2, ,
-5, ,2, ,
-4, ,2, ,
-4, ,2, ,
-4, ,2, ,
-5, ,2, ,
-5, ,2, ,
-5, ,2, ,
-4, ,2, ,
-4, ,2, ,
-4, ,2, ,
-5, ,2, ,
-4, ,2, ,
-5, ,2, ,
-4, ,2, ,
-4, ,2, ,
-4, ,2, ,
-5, ,2, ,
-4, ,2, ,
-4, ,2, ,
-4, ,2, ,
-5, ,2, ,
-5, ,2, ,
-5, ,2, ,
-5, ,2, ,
-5, ,2, ,
-4, ,2, ,
-4, ,2, ,
-4, ,2, ,
-4, ,2, ,
-4, ,2, ,
-4, ,2, ,
-4, ,2, ,
-5, ,2, ,
-5, ,2, ,
-4, ,2, ,
-5, ,2, ,
-4, ,2, ,
-4, ,2, ,
-5, ,2, ,
-5, ,2, ,
-4, ,2, ,
-4, ,2, ,
-5, ,2, ,
-4, ,2, ,
-4, ,2, ,
-4, ,2, ,
-4, ,2, ,
-5, ,2, ,
-4, ,2, ,
-4, ,2, ,
-4, ,2, ,
-4, ,2, ,
-4, ,2, ,
-4, ,2, ,
-4, ,2, ,
-4, ,2, ,
-4, ,2, ,
-4, ,2, ,
-4, ,2, ,
-4, ,2, ,
-5, ,0, ,
-4, ,2, ,
-4, ,0, ,
-4, ,2, ,
-4, ,2, ,
-5, ,0, ,
-4, ,2, ,
-4, ,2, ,
-4, ,2, ,
-4, ,2, ,
-4, ,2, ,
-4, ,2, ,
-4, ,0, ,
-4, ,0, ,
-4, ,2, ,
-4, ,2, ,
-4, ,2, ,
-4, ,2, ,
-4, ,2, ,
-4, ,2, ,
-4, ,2, ,
-4, ,2, ,
-4, ,2, ,
-4, ,2, ,
-4, ,0, ,
-4, ,2, ,
-4, ,2, ,
-5, ,2, ,
-4, ,2, ,
-4, ,2, ,
-4, ,2, ,
-4, ,2, ,
-4, ,2, ,
-5, ,2, ,
-4, ,2, ,
-4, ,2, ,
-4, ,2, ,
-4, ,2, ,
-4, ,2, ,
-5, ,2, ,
-4, ,2, ,
-4, ,2, ,
-4, ,2, ,
-4, ,2, ,
-4, ,0, ,
-5, ,2, ,
-4, ,2, ,
-4, ,2, ,
-4, ,2, ,
-4, ,2, ,
-5, ,2, ,
-4, ,2, ,
-5, ,2, ,
-4, ,2, ,
-4, ,2, ,
-4, ,2, ,
-4, ,2, ,
-4, ,2, ,
-5, ,2, ,
-4, ,0, ,
-4, ,2, ,
-4, ,2, ,
-4, ,2, ,
-4, ,2, ,
-4, ,2, ,
-4, ,2, ,
-4, ,2, ,
-4, ,2, ,
-4, ,2, ,
-4, ,0, ,
-3, ,0, ,
-4, ,2, ,
-4, ,0, ,
-4, ,2, ,
-4, ,2, ,
-3, ,2, ,
-5, ,0, ,
-4, ,2, ,
-4, ,2, ,
-4, ,0, ,
-4, ,2, ,
-3, ,2, ,
-5, ,2, ,
-4, ,2, ,
-4, ,2, ,
-4, ,0, ,
-4, ,0, ,
-3, ,2, ,
-4, ,2, ,
-4, ,0, ,
-4, ,2, ,
-4, ,0, ,
-4, ,2, ,
-5, ,2, ,
-4, ,2, ,
-4, ,0, ,
-3, ,2, ,
-4, ,0, ,
-4, ,2, ,
-5, ,2, ,
-4, ,0, ,
-4, ,2, ,
-4, ,2, ,
-4, ,0, ,
-4, ,2, ,
-5, ,2, ,
-4, ,2, ,
-4, ,2, ,
-3, ,2, ,
-4, ,2, ,
-4, ,2, ,
-4, ,2, ,
-4, ,2, ,
-4, ,2, ,
-4, ,2, ,
-4, ,0, ,
-4, ,2, ,
-4, ,2, ,
-4, ,2, ,
-4, ,2, ,
-3, ,2, ,
-4, ,2, ,
-3, ,2, ,
-4, ,2, ,
-4, ,2, ,
-3, ,2, ,
-5, ,2, ,
-4, ,2, ,
-4, ,2, ,
-4, ,0, ,
-4, ,2, ,
-3, ,0, ,
-5, ,2, ,
-4, ,2, ,
-4, ,2, ,
-4, ,2, ,
-4, ,2, ,
-4, ,2, ,
-5, ,2, ,
-4, ,2, ,
-4, ,2, ,
-4, ,2, ,
-4, ,2, ,
-3, ,2, ,
-3, ,2, ,
-4, ,0, ,
-3, ,2, ,
-4, ,2, ,
-4, ,2, ,
-4, ,2, ,
-4, ,2, ,
-4, ,2, ,
-3, ,2, ,
-3, ,2, ,
-4, ,2, ,
-3, ,2, ,
-5, ,0, ,
-4, ,2, ,
-4, ,2, ,
-4, ,2, ,
-4, ,2, ,
-5, ,2, ,
-3, ,0, ,
-4, ,0, ,
-4, ,0, ,
-4, ,2, ,
-4, ,2, ,
-4, ,2, ,
-4, ,2, ,
-4, ,2, ,
-3, ,2, ,
-4, ,2, ,
-4, ,2, ,
-3, ,2, ,
-4, ,2, ,
-4, ,2, ,
-4, ,2, ,
-4, ,2, ,
-4, ,2, ,
-5, ,2, ,
-4, ,2, ,
-4, ,2, ,
-3, ,2, ,
-4, ,2, ,
-4, ,0, ,
-3, ,0, ,
-5, ,2, ,
-4, ,2, ,
-4, ,2, ,
-4, ,2, ,
-4, ,2, ,
-4, ,2, ,
-4, ,2, ,
-4, ,2, ,
-3, ,0, ,
-4, ,2, ,
-4, ,2, ,
-4, ,2, ,
-3, ,2, ,
-4, ,2, ,
-4, ,2, ,
-4, ,2, ,
-4, ,2, ,
-5, ,2, ,
-4, ,0, ,
-4, ,2, ,
-4, ,2, ,
-4, ,2, ,
-4, ,2, ,
-5, ,2, ,
-4, ,2, ,
-4, ,2, ,
-4, ,2, ,
-4, ,2, ,
-4, ,0, ,
-5, ,2, ,
-4, ,2, ,
-4, ,2, ,
-4, ,2, ,
-4, ,2, ,
-4, ,2, ,
-4, ,2, ,
-3, ,2, ,
-4, ,2, ,
-4, ,2, ,
-4, ,2, ,
-4, ,2, ,
-3, ,2, ,
-5, ,2, ,
-4, ,2, ,
-4, ,2, ,
-4, ,2, ,
-4, ,0, ,
-3, ,2, ,
-5, ,2, ,
-4, ,2, ,
-3, ,2, ,
-4, ,2, ,
-3, ,0, ,
-4, ,2, ,
-4, ,2, ,
-4, ,0, ,
-3, ,2, ,
-5, ,2, ,
-3, ,2, ,
-4, ,2, ,
-4, ,2, ,
-4, ,2, ,
-4, ,2, ,
-4, ,2, ,
-4, ,2, ,
-4, ,2, ,
-3, ,2, ,
-4, ,2, ,
-4, ,2, ,
-3, ,2, ,
-4, ,2, ,
-4, ,2, ,
-4, ,2, ,
-4, ,2, ,
-4, ,2, ,
-3, ,2, ,
-4, ,2, ,
-4, ,2, ,
-3, ,2, ,
-4, ,2, ,
-4, ,2, ,
-4, ,0, ,
-3, ,0, ,
-4, ,2, ,
-4, ,2, ,
-4, ,2, ,
-4, ,2, ,
-4, ,2, ,
-5, ,2, ,
-3, ,2, ,
-4, ,2, ,
-4, ,2, ,
-4, ,2, ,
-4, ,2, ,
-4, ,0, ,
-4, ,2, ,
-5, ,2, ,
-4, ,2, ,
-4, ,2, ,
-3, ,2, ,
-4, ,2, ,
-4, ,2, ,
-4, ,2, ,
-3, ,0, ,
-3, ,2, ,
-3, ,2, ,
-4, ,2, ,
-3, ,2, ,
-5, ,2, ,
-3, ,0, ,
-4, ,2, ,
-3, ,2, ,
-4, ,2, ,
-4, ,2, ,
-3, ,2, ,
-3, ,2, ,
-4, ,2, ,
-5, ,2, ,
-3, ,2, ,
-4, ,2, ,
-4, ,2, ,
-4, ,2, ,
-3, ,2, ,
-3, ,0, ,
-5, ,2, ,
-3, ,2, ,
-4, ,2, ,
-4, ,2, ,
-3, ,2, ,
-3, ,2, ,
-4, ,2, ,
-3, ,2, ,
-4, ,2, ,
-4, ,0, ,
-3, ,2, ,
-3, ,2, ,
-5, ,2, ,
-4, ,2, ,
-4, ,2, ,
-3, ,2, ,
-4, ,2, ,
-4, ,2, ,
-5, ,2, ,
-3, ,2, ,
-4, ,2, ,
-4, ,0, ,
-4, ,2, ,
-5, ,2, ,
-3, ,2, ,
-4, ,2, ,
-3, ,2, ,
-4, ,2, ,
-3, ,2, ,
-3, ,2, ,
-4, ,2, ,
-4, ,2, ,
-3, ,2, ,
-4, ,2, ,
-3, ,2, ,
-3, ,2, ,
-4, ,2, ,
-3, ,2, ,
-4, ,2, ,
-4, ,2, ,
-4, ,2, ,
-3, ,2, ,
-4, ,2, ,
-4, ,2, ,
-3, ,2, ,
-4, ,2, ,
-3, ,2, ,
-3, ,2, ,
-4, ,2, ,
-3, ,2, ,
-4, ,2, ,
-3, ,2, ,
-4, ,2, ,
-4, ,0, ,
-3, ,2, ,
-5, ,2, ,
-4, ,2, ,
-4, ,0, ,
-4, ,2, ,
-4, ,2, ,
-4, ,2, ,
-3, ,2, ,
-4, ,2, ,
-4, ,2, ,
-3, ,2, ,
-3, ,2, ,
-3, ,2, ,
-3, ,2, ,
-4, ,2, ,
-4, ,2, ,
-4, ,2, ,
-4, ,2, ,
-3, ,2, ,
-3, ,2, ,
-4, ,2, ,
-3, ,2, ,
-3, ,2, ,
-4, ,2, ,
-3, ,2, ,
-3, ,2, ,
-4, ,2, ,
-3, ,2, ,
-4, ,2, ,
-3, ,2, ,
-4, ,2, ,
-3, ,2, ,
-4, ,2, ,
-4, ,2, ,
-3, ,2, ,
-4, ,2, ,
-4, ,2, ,
-3, ,2, ,
-4, ,2, ,
-3, ,2, ,
-3, ,2, ,
-3, ,2, ,
-4, ,2, ,
-4, ,2, ,
-3, ,2, ,
-3, ,2, ,
-4, ,2, ,
-4, ,2, ,
-3, ,2, ,
-3, ,2, ,
-4, ,2, ,
-3, ,2, ,
-4, ,2, ,
-4, ,2, ,
-3, ,2, ,
-3, ,2, ,
-4, ,2, ,
-3, ,2, ,
-3, ,2, ,
-3, ,2, ,
-3, ,2, ,
-3, ,2, ,
-3, ,2, ,
-3, ,2, ,
-4, ,2, ,
-3, ,2, ,
-4, ,2, ,
-3, ,2, ,
-3, ,2, ,
-3, ,2, ,
-4, ,2, ,
-4, ,2, ,
-3, ,2, ,
-4, ,2, ,
-3, ,2, ,
-4, ,2, ,
-4, ,2, ,
-3, ,2, ,
-4, ,2, ,
-4, ,2, ,
-3, ,2, ,
-3, ,2, ,
-3, ,2, ,
-4, ,2, ,
-4, ,2, ,
-3, ,2, ,
-4, ,2, ,
-3, ,2, ,
-4, ,2, ,
-4, ,2, ,
-4, ,2, ,
-3, ,2, ,
-5, ,2, ,
-3, ,2, ,
-3, ,2, ,
-4, ,2, ,
-4, ,2, ,
-3, ,2, ,
-3, ,2, ,
-3, ,2, ,
-3, ,2, ,
-4, ,2, ,
-3, ,2, ,
-3, ,2, ,
-4, ,2, ,
-3, ,2, ,
-4, ,2, ,
-4, ,3, ,
-4, ,2, ,
-4, ,2, ,
-3, ,2, ,
-4, ,2, ,
-4, ,2, ,
-3, ,2, ,
-3, ,3, ,
-3, ,3, ,
-4, ,2, ,
-3, ,2, ,
-4, ,2, ,
-4, ,2, ,
-3, ,2, ,
-3, ,2, ,
-4, ,2, ,
-4, ,2, ,
-3, ,2, ,
-3, ,2, ,
-3, ,2, ,
-3, ,2, ,
-4, ,2, ,
-3, ,2, ,
-3, ,2, ,
-3, ,2, ,
-4, ,2, ,
-4, ,2, ,
-3, ,2, ,
-3, ,2, ,
-3, ,2, ,
-3, ,2, ,
-3, ,2, ,
-3, ,2, ,
-4, ,2, ,
-4, ,2, ,
-4, ,2, ,
-4, ,2, ,
-4, ,3, ,
-3, ,2, ,
-3, ,2, ,
-3, ,2, ,
-4, ,2, ,
-4, ,2, ,
-4, ,2, ,
-3, ,2, ,
-4, ,2, ,
-4, ,2, ,
-3, ,2, ,
-4, ,2, ,
-4, ,2, ,
-3, ,2, ,
-3, ,2, ,
-3, ,2, ,
-3, ,2, ,
-4, ,2, ,
-4, ,2, ,
-3, ,2, ,
-3, ,2, ,
-3, ,2, ,
-4, ,2, ,
-4, ,2, ,
-3, ,2, ,
-4, ,2, ,
-3, ,2, ,
-3, ,2, ,
-3, ,2, ,
-4, ,2, ,
-3, ,2, ,
-3, ,2, ,
-4, ,2, ,
-4, ,2, ,
-3, ,2, ,
-3, ,2, ,
-3, ,2, ,
-4, ,2, ,
-3, ,2, ,
-3, ,2, ,
-4, ,2, ,
-3, ,2, ,
-3, ,2, ,
-3, ,2, ,
-3, ,2, ,
-4, ,2, ,
-4, ,2, ,
-3, ,2, ,
-3, ,2, ,
-3, ,2, ,
-4, ,2, ,
-3, ,2, ,
-3, ,2, ,
-3, ,2, ,
-4, ,2, ,
-3, ,2, ,
-3, ,2, ,
-3, ,2, ,
-4, ,0, ,
-3, ,2, ,
-3, ,2, ,
-4, ,2, ,
-3, ,2, ,
-3, ,3, ,
-4, ,2, ,
-3, ,2, ,
-3, ,2, ,
-4, ,2, ,
-3, ,2, ,
-3, ,2, ,
-4, ,2, ,
-3, ,2, ,
-3, ,2, ,
-3, ,2, ,
-4, ,2, ,
-4, ,2, ,
-4, ,2, ,
-4, ,2, ,
-3, ,2, ,
-3, ,2, ,
-3, ,2, ,
-3, ,2, ,
-3, ,2, ,
-3, ,2, ,
-3, ,2, ,
-3, ,2, ,
-4, ,2, ,
-4, ,2, ,
-4, ,3, ,
-3, ,2, ,
-3, ,2, ,
-3, ,2, ,
-4, ,2, ,
-4, ,2, ,
-3, ,3, ,
-3, ,2, ,
-3, ,2, ,
-3, ,2, ,
-3, ,2, ,
-3, ,2, ,
-3, ,2, ,
-3, ,2, ,
-4, ,3, ,
-4, ,2, ,
-3, ,2, ,
-4, ,2, ,
-4, ,2, ,
-4, ,2, ,
-3, ,2, ,
-3, ,2, ,
-4, ,2, ,
-4, ,2, ,
-3, ,3, ,
-4, ,2, ,
-3, ,2, ,
-3, ,2, ,
-4, ,2, ,
-4, ,2, ,
-4, ,2, ,
-3, ,2, ,
-3, ,2, ,
-3, ,2, ,
-4, ,2, ,
-4, ,2, ,
-4, ,3, ,
-3, ,2, ,
-3, ,2, ,
-3, ,2, ,
-3, ,2, ,
-4, ,2, ,
-3, ,3, ,
-3, ,2, ,
-4, ,2, ,
-4, ,2, ,
-3, ,2, ,
-3, ,2, ,
-3, ,2, ,
-4, ,2, ,
-3, ,2, ,
-4, ,2, ,
-3, ,2, ,
-3, ,2, ,
-4, ,2, ,
-3, ,2, ,
-4, ,2, ,
-4, ,2, ,
-3, ,2, ,
-4, ,2, ,
-4, ,2, ,
-4, ,3, ,
-3, ,2, ,
-4, ,2, ,
-4, ,2, ,
-3, ,2, ,
-4, ,2, ,
-4, ,2, ,
-3, ,2, ,
-3, ,2, ,
-4, ,2, ,
-4, ,2, ,
-3, ,2, ,
-3, ,2, ,
-3, ,2, ,
-4, ,2, ,
-4, ,2, ,
-3, ,2, ,
-3, ,2, ,
-3, ,2, ,
-4, ,2, ,
-4, ,2, ,
-4, ,3, ,
-4, ,2, ,
-3, ,3, ,
-3, ,3, ,
-4, ,2, ,
-4, ,2, ,
-3, ,2, ,
-3, ,2, ,
-3, ,2, ,
-3, ,2, ,
-4, ,2, ,
-4, ,2, ,
-3, ,2, ,
-4, ,3, ,
-3, ,2, ,
-3, ,2, ,
-4, ,2, ,
-4, ,2, ,
-4, ,2, ,
-3, ,2, ,
-3, ,2, ,
-3, ,2, ,
-3, ,2, ,
-3, ,2, ,
-4, ,2, ,
-4, ,2, ,
-3, ,2, ,
-3, ,2, ,
-4, ,2, ,
-4, ,2, ,
-3, ,2, ,
-4, ,2, ,
-3, ,2, ,
-3, ,2, ,
-3, ,2, ,
-3, ,2, ,
-3, ,2, ,
-3, ,2, ,
-3, ,2, ,
-3, ,2, ,
-4, ,2, ,
-4, ,2, ,
-3, ,2, ,
-3, ,2, ,
-5, ,2, ,
-3, ,3, ,
-4, ,2, ,
-4, ,2, ,
-4, ,2, ,
-4, ,2, ,
-3, ,2, ,
-4, ,2, ,
-3, ,2, ,
-4, ,2, ,
-3, ,2, ,
-3, ,3, ,
-4, ,2, ,
-4, ,2, ,
-3, ,2, ,
-4, ,2, ,
-4, ,2, ,
-4, ,2, ,
-3, ,2, ,
-3, ,3, ,
-4, ,2, ,
-5, ,2, ,
-3, ,2, ,
-3, ,2, ,
-4, ,2, ,
-4, ,2, ,
-4, ,2, ,
-3, ,2, ,
-3, ,2, ,
-3, ,2, ,
-3, ,2, ,
-4, ,2, ,
-3, ,2, ,
-4, ,2, ,
-3, ,2, ,
-4, ,2, ,
-4, ,2, ,
-3, ,2, ,
-4, ,2, ,
-4, ,2, ,
-3, ,2, ,
-3, ,2, ,
-4, ,2, ,
-3, ,2, ,
-4, ,2, ,
-4, ,2, ,
-3, ,3, ,
-3, ,2, ,
-4, ,2, ,
-4, ,3, ,
-3, ,2, ,
-4, ,2, ,
-3, ,2, ,
-3, ,2, ,
-4, ,2, ,
-4, ,3, ,
-3, ,3, ,
-4, ,2, ,
-3, ,2, ,
-3, ,2, ,
-4, ,3, ,
-3, ,2, ,
-4, ,2, ,
-3, ,2, ,
-3, ,2, ,
-3, ,2, ,
-4, ,2, ,
-4, ,2, ,
-3, ,2, ,
-4, ,2, ,
-3, ,2, ,
-3, ,2, ,
-4, ,3, ,
-3, ,2, ,
-4, ,2, ,
-3, ,3, ,
-4, ,2, ,
-4, ,2, ,
-3, ,2, ,
-3, ,2, ,
-4, ,2, ,
-4, ,2, ,
-3, ,2, ,
-4, ,2, ,
-4, ,2, ,
-4, ,2, ,
-4, ,2, ,
-3, ,2, ,
-4, ,2, ,
-3, ,2, ,
-4, ,3, ,
-3, ,2, ,
-4, ,2, ,
-4, ,2, ,
-3, ,2, ,
-4, ,3, ,
-3, ,3, ,
-3, ,2, ,
-4, ,2, ,
-4, ,2, ,
-3, ,3, ,
-4, ,2, ,
-3, ,2, ,
-3, ,2, ,
-3, ,2, ,
-4, ,2, ,
-4, ,2, ,
-4, ,2, ,
-4, ,2, ,
-5, ,2, ,
-4, ,2, ,
-3, ,2, ,
-4, ,2, ,
-3, ,2, ,
-4, ,2, ,
-4, ,2, ,
-5, ,2, ,
-3, ,3, ,
-4, ,2, ,
-4, ,2, ,
-4, ,2, ,
-3, ,2, ,
-4, ,2, ,
-3, ,2, ,
-4, ,2, ,
-4, ,2, ,
-3, ,2, ,
-3, ,2, ,
-5, ,2, ,
-3, ,2, ,
-4, ,3, ,
-4, ,3, ,
-3, ,2, ,
-4, ,2, ,
-3, ,2, ,
-3, ,2, ,
-4, ,2, ,
-4, ,2, ,
-4, ,2, ,
-5, ,2, ,
-4, ,2, ,
-4, ,2, ,
-4, ,2, ,
-4, ,2, ,
-4, ,2, ,
-4, ,2, ,
-4, ,2, ,
-4, ,2, ,
-3, ,2, ,
-4, ,2, ,
-4, ,2, ,
-4, ,2, ,
-3, ,2, ,
-5, ,2, ,
-3, ,2, ,
-3, ,2, ,
-4, ,2, ,
-3, ,2, ,
-3, ,2, ,
-3, ,2, ,
-4, ,2, ,
-3, ,2, ,
-5, ,2, ,
-3, ,2, ,
-4, ,2, ,
-4, ,2, ,
-3, ,2, ,
-5, ,2, ,
-3, ,2, ,
-4, ,3, ,
-4, ,2, ,
-3, ,2, ,
-3, ,2, ,
-4, ,2, ,
-4, ,2, ,
-4, ,2, ,
-5, ,2, ,
-3, ,2, ,
-4, ,2, ,
-4, ,2, ,
-4, ,3, ,
-4, ,2, ,
-4, ,3, ,
-4, ,2, ,
-3, ,2, ,
-3, ,2, ,
-3, ,2, ,
-3, ,2, ,
-4, ,2, ,
-4, ,2, ,
-5, ,2, ,
-3, ,2, ,
-4, ,2, ,
-4, ,2, ,
-4, ,2, ,
-4, ,2, ,
-4, ,2, ,
-4, ,2, ,
-4, ,2, ,
-3, ,2, ,
-4, ,2, ,
-4, ,2, ,
-4, ,2, ,
-4, ,2, ,
-3, ,2, ,
-4, ,2, ,
-3, ,2, ,
-4, ,2, ,
-4, ,2, ,
-4, ,2, ,
-3, ,2, ,
-4, ,2, ,
-4, ,2, ,
-4, ,2, ,
-4, ,2, ,
-4, ,2, ,
-5, ,2, ,
-4, ,2, ,
-4, ,2, ,
-4, ,2, ,
-3, ,2, ,
-4, ,2, ,
-4, ,2, ,
-4, ,2, ,
-4, ,2, ,
-3, ,2, ,
-4, ,2, ,
-4, ,2, ,
-3, ,2, ,
-4, ,2, ,
-4, ,2, ,
-4, ,2, ,
-3, ,2, ,
-3, ,2, ,
-4, ,2, ,
-4, ,2, ,
-4, ,2, ,
-3, ,2, ,
-3, ,2, ,
-4, ,2, ,
-3, ,2, ,
-4, ,2, ,
-3, ,2, ,
-4, ,2, ,
-4, ,2, ,
-3, ,2, ,
-4, ,2, ,
-4, ,2, ,
-3, ,2, ,
-4, ,3, ,
-3, ,2, ,
-4, ,2, ,
-4, ,2, ,
-4, ,2, ,
-3, ,2, ,
-3, ,2, ,
-4, ,2, ,
-4, ,2, ,
-4, ,2, ,
-4, ,2, ,
-4, ,2, ,
-4, ,2, ,
-3, ,2, ,
-3, ,2, ,
-4, ,2, ,
-4, ,2, ,
-4, ,2, ,
-4, ,2, ,
-4, ,2, ,
-4, ,2, ,
-4, ,2, ,
-4, ,2, ,
-3, ,2, ,
-3, ,2, ,
-3, ,2, ,
-4, ,2, ,
-3, ,2, ,
-4, ,2, ,
-3, ,2, ,
-4, ,2, ,
-4, ,2, ,
-4, ,2, ,
-4, ,2, ,
-4, ,2, ,
-3, ,2, ,
-4, ,2, ,
-3, ,2, ,
-3, ,2, ,
-4, ,2, ,
-4, ,2, ,
-3, ,3, ,
-3, ,2, ,
-4, ,2, ,
-4, ,2, ,
-3, ,2, ,
-4, ,2, ,
-4, ,2, ,
-4, ,2, ,
-4, ,2, ,
-4, ,2, ,
-4, ,2, ,
-4, ,2, ,
-3, ,2, ,
-4, ,2, ,
-4, ,2, ,
-4, ,2, ,
-4, ,2, ,
-4, ,2, ,
-3, ,2, ,
-4, ,2, ,
-3, ,2, ,
-3, ,2, ,
-4, ,2, ,
-3, ,2, ,
-5, ,2, ,
-4, ,2, ,
-4, ,2, ,
-3, ,2, ,
-4, ,0, ,
-4, ,2, ,
-5, ,2, ,
-4, ,2, ,
-4, ,2, ,
-3, ,2, ,
-4, ,2, ,
-3, ,2, ,
-5, ,2, ,
-3, ,2, ,
-4, ,2, ,
-4, ,2, ,
-4, ,2, ,
-3, ,2, ,
-4, ,2, ,
-3, ,2, ,
-4, ,2, ,
-4, ,2, ,
-4, ,2, ,
-4, ,2, ,
-3, ,2, ,
-3, ,2, ,
-3, ,2, ,
-3, ,2, ,
-4, ,2, ,
-4, ,2, ,
-3, ,2, ,
-4, ,2, ,
-4, ,2, ,
-3, ,2, ,
-4, ,2, ,
-3, ,2, ,
-5, ,2, ,
-4, ,0, ,
-3, ,2, ,
-4, ,2, ,
-4, ,2, ,
-4, ,2, ,
-3, ,2, ,
-4, ,2, ,
-4, ,2, ,
-4, ,2, ,
-4, ,0, ,
-4, ,2, ,
-5, ,2, ,
-4, ,2, ,
-4, ,2, ,
-4, ,2, ,
-4, ,2, ,
-4, ,2, ,
-4, ,2, ,
-3, ,2, ,
-4, ,2, ,
-3, ,0, ,
-4, ,2, ,
-4, ,2, ,
-5, ,2, ,
-4, ,2, ,
-4, ,2, ,
-4, ,2, ,
-4, ,2, ,
-5, ,2, ,
-4, ,2, ,
-4, ,2, ,
-4, ,2, ,
-4, ,2, ,
-4, ,2, ,
-4, ,2, ,
-3, ,2, ,
-4, ,2, ,
-4, ,2, ,
-3, ,2, ,
-4, ,2, ,
-5, ,2, ,
-4, ,2, ,
-4, ,2, ,
-4, ,2, ,
-4, ,2, ,
-4, ,0, ,
-4, ,2, ,
-3, ,2, ,
-4, ,2, ,
-3, ,2, ,
-4, ,2, ,
-4, ,2, ,
-4, ,2, ,
-4, ,2, ,
-3, ,2, ,
-5, ,2, ,
-3, ,2, ,
-4, ,2, ,
-4, ,2, ,
-4, ,2, ,
-4, ,2, ,
-5, ,2, ,
-4, ,2, ,
-4, ,2, ,
-4, ,2, ,
-4, ,2, ,
-4, ,2, ,
-5, ,2, ,
-3, ,2, ,
-4, ,2, ,
-4, ,2, ,
-3, ,2, ,
-3, ,2, ,
-4, ,2, ,
-3, ,2, ,
-4, ,2, ,
-3, ,2, ,
-4, ,2, ,
-4, ,2, ,
-3, ,2, ,
-3, ,2, ,
-4, ,2, ,
-4, ,2, ,
-3, ,2, ,
-4, ,2, ,
-3, ,2, ,
-3, ,2, ,
-4, ,2, ,
-4, ,2, ,
-3, ,2, ,
-4, ,2, ,
-3, ,2, ,
-4, ,2, ,
-4, ,2, ,
-4, ,2, ,
-4, ,2, ,
-3, ,2, ,
-3, ,2, ,
-3, ,2, ,
-4, ,2, ,
-5, ,2, ,
-4, ,2, ,
-4, ,2, ,
-4, ,2, ,
-4, ,2, ,
-3, ,2, ,
-3, ,2, ,
-5, ,2, ,
-4, ,2, ,
-4, ,2, ,
-4, ,2, ,
-4, ,2, ,
-3, ,2, ,
-5, ,2, ,
-3, ,2, ,
-4, ,2, ,
-4, ,2, ,
-4, ,2, ,
-3, ,2, ,
-4, ,2, ,
-3, ,2, ,
-4, ,2, ,
-4, ,2, ,
-4, ,2, ,
-4, ,2, ,
-5, ,2, ,
-4, ,2, ,
-4, ,2, ,
-4, ,2, ,
-4, ,2, ,
-5, ,2, ,
-3, ,2, ,
-4, ,2, ,
-4, ,2, ,
-4, ,2, ,
-4, ,2, ,
-3, ,2, ,
-5, ,2, ,
-3, ,2, ,
-4, ,2, ,
-4, ,2, ,
-4, ,2, ,
-5, ,2, ,
-3, ,2, ,
-4, ,2, ,
-4, ,2, ,
-4, ,2, ,
-4, ,2, ,
-3, ,2, ,
-5, ,2, ,
-4, ,2, ,
-4, ,2, ,
-4, ,2, ,
-4, ,2, ,
-4, ,2, ,
-4, ,2, ,
-4, ,2, ,
-4, ,2, ,
-5, ,2, ,
-4, ,2, ,
-4, ,2, ,
-4, ,2, ,
-3, ,2, ,
-4, ,2, ,
-4, ,2, ,
-4, ,2, ,
-4, ,2, ,
-3, ,2, ,
-4, ,2, ,
-4, ,2, ,
-4, ,2, ,
-4, ,2, ,
-4, ,2, ,
-3, ,2, ,
-4, ,2, ,
-4, ,2, ,
-4, ,2, ,
-4, ,2, ,
-4, ,2, ,
-3, ,2, ,
-3, ,2, ,
-4, ,2, ,
-4, ,2, ,
-4, ,2, ,
-4, ,2, ,
-3, ,2, ,
-4, ,2, ,
-4, ,2, ,
-5, ,2, ,
-4, ,2, ,
-4, ,2, ,
-4, ,2, ,
-4, ,2, ,
-3, ,2, ,
-5, ,2, ,
-4, ,2, ,
-4, ,2, ,
-3, ,2, ,
-4, ,2, ,
-4, ,2, ,
-4, ,2, ,
-4, ,2, ,
-4, ,2, ,
-3, ,2, ,
-4, ,2, ,
-4, ,2, ,
-5, ,2, ,
-3, ,2, ,
-4, ,2, ,
-3, ,2, ,
-3, ,2, ,
-4, ,2, ,
-4, ,2, ,
-4, ,2, ,
-4, ,2, ,
-5, ,2, ,
-4, ,2, ,
-4, ,2, ,
-4, ,2, ,
-4, ,2, ,
-4, ,2, ,
-4, ,2, ,
-4, ,2, ,
-4, ,2, ,
-4, ,2, ,
-3, ,2, ,
-4, ,2, ,
-4, ,2, ,
-4, ,0, ,
-4, ,2, ,
-4, ,2, ,
-5, ,2, ,
-4, ,2, ,
-4, ,2, ,
-3, ,2, ,
-4, ,2, ,
-4, ,2, ,
-3, ,2, ,
-3, ,2, ,
-4, ,2, ,
-4, ,2, ,
-4, ,2, ,
-4, ,2, ,
-3, ,2, ,
-3, ,2, ,
-4, ,2, ,
-4, ,2, ,
-4, ,2, ,
-3, ,2, ,
-5, ,2, ,
-4, ,2, ,
-4, ,2, ,
-4, ,2, ,
-3, ,2, ,
-3, ,2, ,
-5, ,2, ,
-4, ,2, ,
-4, ,2, ,
-4, ,2, ,
-4, ,2, ,
-5, ,2, ,
-4, ,2, ,
-4, ,2, ,
-4, ,2, ,
-4, ,2, ,
-3, ,2, ,
-5, ,2, ,
-4, ,2, ,
-4, ,2, ,
-3, ,2, ,
-4, ,2, ,
-4, ,2, ,
-4, ,2, ,
-3, ,2, ,
-4, ,2, ,
-3, ,2, ,
-4, ,2, ,
-4, ,2, ,
-4, ,2, ,
-4, ,2, ,
-3, ,2, ,
-5, ,2, ,
-4, ,2, ,
-4, ,2, ,
-4, ,2, ,
-4, ,2, ,
-3, ,2, ,
-5, ,2, ,
-3, ,2, ,
-4, ,2, ,
-4, ,2, ,
-3, ,2, ,
-3, ,2, ,
-4, ,2, ,
-4, ,2, ,
-4, ,2, ,
-4, ,2, ,
-4, ,2, ,
-5, ,2, ,
-3, ,2, ,
-4, ,2, ,
-3, ,2, ,
-3, ,2, ,
-4, ,2, ,
-5, ,2, ,
-4, ,2, ,
-4, ,2, ,
-4, ,2, ,
-3, ,2, ,
-4, ,2, ,
-4, ,2, ,
-3, ,0, ,
-4, ,2, ,
-4, ,2, ,
-4, ,2, ,
-3, ,2, ,
-3, ,2, ,
-5, ,0, ,
-4, ,2, ,
-4, ,2, ,
-4, ,2, ,
-4, ,2, ,
-4, ,2, ,
-5, ,2, ,
-4, ,2, ,
-4, ,2, ,
-4, ,2, ,
-4, ,2, ,
-3, ,2, ,
-4, ,2, ,
-4, ,2, ,
-4, ,2, ,
-4, ,2, ,
-3, ,2, ,
-3, ,2, ,
-4, ,2, ,
-4, ,2, ,
-4, ,2, ,
-3, ,2, ,
-4, ,2, ,
-4, ,2, ,
-5, ,2, ,
-3, ,2, ,
-4, ,0, ,
-4, ,2, ,
-4, ,2, ,
-4, ,2, ,
-5, ,2, ,
-4, ,2, ,
-4, ,2, ,
-4, ,2, ,
-3, ,2, ,
-3, ,2, ,
-5, ,2, ,
-4, ,2, ,
-4, ,2, ,
-4, ,2, ,
-3, ,2, ,
-4, ,2, ,
-4, ,2, ,
-4, ,2, ,
-4, ,2, ,
-3, ,2, ,
-4, ,2, ,
-3, ,2, ,
-4, ,2, ,
-3, ,2, ,
-4, ,2, ,
-3, ,2, ,
-4, ,2, ,
-4, ,2, ,
-4, ,2, ,
-4, ,2, ,
-4, ,2, ,
-5, ,2, ,
-3, ,2, ,
-4, ,2, ,
-4, ,2, ,
-3, ,0, ,
-4, ,2, ,
-5, ,2, ,
-4, ,2, ,
-4, ,2, ,
-4, ,2, ,
-4, ,2, ,
-3, ,2, ,
-5, ,2, ,
-3, ,2, ,
-4, ,0, ,
-4, ,2, ,
-4, ,2, ,
-3, ,2, ,
-5, ,2, ,
-3, ,2, ,
-4, ,2, ,
-4, ,2, ,
-3, ,2, ,
-3, ,2, ,
-3, ,2, ,
-4, ,2, ,
-4, ,2, ,
-3, ,2, ,
-4, ,2, ,
-3, ,2, ,
-4, ,2, ,
-4, ,2, ,
-4, ,2, ,
-3, ,2, ,
-4, ,2, ,
-4, ,2, ,
-4, ,2, ,
-4, ,2, ,
-4, ,2, ,
-4, ,2, ,
-4, ,2, ,
-3, ,2, ,
-3, ,0, ,
-4, ,2, ,
-4, ,2, ,
-4, ,2, ,
-4, ,2, ,
-3, ,2, ,
-5, ,2, ,
-4, ,2, ,
-4, ,2, ,
-3, ,2, ,
-4, ,2, ,
-4, ,2, ,
-5, ,2, ,
-4, ,2, ,
-3, ,2, ,
-3, ,2, ,
-3, ,2, ,
-4, ,2, ,
-3, ,2, ,
-4, ,2, ,
-4, ,2, ,
-3, ,2, ,
-4, ,2, ,
-4, ,2, ,
-5, ,2, ,
-4, ,2, ,
-4, ,2, ,
-4, ,2, ,
-4, ,2, ,
-3, ,2, ,
-3, ,2, ,
-4, ,2, ,
-3, ,2, ,
-4, ,0, ,
-4, ,2, ,
-4, ,2, ,
-3, ,2, ,
-5, ,2, ,
-4, ,2, ,
-4, ,2, ,
-4, ,2, ,
-4, ,2, ,
-4, ,2, ,
-5, ,2, ,
-4, ,2, ,
-4, ,2, ,
-4, ,2, ,
-3, ,2, ,
-4, ,2, ,
-3, ,2, ,
-3, ,2, ,
-4, ,2, ,
-4, ,2, ,
-3, ,2, ,
-4, ,2, ,
-3, ,2, ,
-4, ,2, ,
-4, ,2, ,
-4, ,2, ,
-4, ,2, ,
-4, ,2, ,
-3, ,2, ,
-4, ,0, ,
-4, ,2, ,
-3, ,2, ,
-4, ,2, ,
-4, ,2, ,
-3, ,2, ,
-3, ,2, ,
-4, ,2, ,
-5, ,2, ,
-4, ,2, ,
-4, ,2, ,
-4, ,2, ,
-4, ,2, ,
-3, ,2, ,
-3, ,2, ,
-5, ,2, ,
-3, ,0, ,
-4, ,2, ,
-4, ,2, ,
-4, ,2, ,
-5, ,2, ,
-4, ,2, ,
-4, ,2, ,
-4, ,2, ,
-4, ,2, ,
-4, ,2, ,
-5, ,2, ,
-4, ,2, ,
-4, ,2, ,
-4, ,2, ,
-4, ,2, ,
-4, ,2, ,
-4, ,2, ,
-5, ,2, ,
-3, ,2, ,
-4, ,2, ,
-4, ,2, ,
-4, ,2, ,
-5, ,2, ,
-4, ,2, ,
-4, ,2, ,
-4, ,2, ,
-4, ,2, ,
-3, ,2, ,
-3, ,2, ,
-5, ,2, ,
-4, ,2, ,
-3, ,2, ,
-3, ,2, ,
-4, ,2, ,
-4, ,2, ,
-3, ,2, ,
-3, ,2, ,
-4, ,2, ,
-4, ,3, ,
-3, ,2, ,
-4, ,2, ,
-4, ,2, ,
-3, ,2, ,
-4, ,2, ,
-4, ,0, ,
-4, ,2, ,
-4, ,2, ,
-4, ,2, ,
-3, ,2, ,
-4, ,0, ,
-5, ,2, ,
-4, ,2, ,
-4, ,2, ,
-4, ,2, ,
-3, ,2, ,
-3, ,2, ,
-4, ,2, ,
-3, ,2, ,
-4, ,2, ,
-3, ,2, ,
-3, ,2, ,
-3, ,2, ,
-3, ,2, ,
-4, ,2, ,
-4, ,2, ,
-3, ,2, ,
-3, ,2, ,
-4, ,2, ,
-4, ,2, ,
-3, ,2, ,
-4, ,2, ,
-3, ,2, ,
-3, ,2, ,
-3, ,2, ,
-3, ,2, ,
-4, ,2, ,
-4, ,2, ,
-3, ,2, ,
-3, ,2, ,
-3, ,2, ,
-4, ,2, ,
-4, ,2, ,
-4, ,2, ,
-4, ,2, ,
-3, ,2, ,
-3, ,2, ,
-3, ,2, ,
-4, ,2, ,
-4, ,2, ,
-3, ,2, ,
-4, ,2, ,
-4, ,2, ,
-4, ,2, ,
-3, ,2, ,
-5, ,2, ,
-4, ,2, ,
-3, ,2, ,
-4, ,2, ,
-4, ,2, ,
-4, ,2, ,
-4, ,2, ,
-5, ,2, ,
-4, ,2, ,
-4, ,2, ,
-3, ,2, ,
-4, ,2, ,
-4, ,0, ,
-3, ,2, ,
-3, ,2, ,
-4, ,2, ,
-3, ,2, ,
-4, ,2, ,
-4, ,2, ,
-5, ,2, ,
-3, ,2, ,
-4, ,2, ,
-4, ,2, ,
-3, ,2, ,
-5, ,2, ,
-3, ,2, ,
-4, ,2, ,
-4, ,2, ,
-4, ,2, ,
-4, ,2, ,
-4, ,2, ,
-4, ,2, ,
-4, ,2, ,
-3, ,2, ,
-3, ,2, ,
-4, ,2, ,
-3, ,2, ,
-4, ,2, ,
-3, ,2, ,
-5, ,2, ,
-3, ,2, ,
-4, ,2, ,
-4, ,2, ,
-4, ,2, ,
-4, ,2, ,
-3, ,2, ,
-4, ,2, ,
-4, ,2, ,
-3, ,2, ,
-4, ,2, ,
-4, ,2, ,
-3, ,2, ,
-4, ,2, ,
-3, ,2, ,
-3, ,2, ,
-4, ,2, ,
-4, ,2, ,
-4, ,2, ,
-4, ,2, ,
-4, ,2, ,
-4, ,2, ,
-3, ,2, ,
-4, ,2, ,
-4, ,2, ,
-3, ,2, ,
-4, ,2, ,
-5, ,2, ,
-4, ,2, ,
-4, ,2, ,
-4, ,2, ,
-4, ,2, ,
-4, ,2, ,
-3, ,2, ,
-5, ,2, ,
-4, ,2, ,
-4, ,2, ,
-4, ,3, ,
-4, ,2, ,
-3, ,2, ,
-4, ,2, ,
-4, ,2, ,
-4, ,2, ,
-3, ,2, ,
-3, ,2, ,
-3, ,2, ,
-4, ,2, ,
-4, ,2, ,
-4, ,3, ,
-3, ,2, ,
-4, ,2, ,
-4, ,2, ,
-3, ,2, ,
-3, ,2, ,
-4, ,2, ,
-4, ,2, ,
-4, ,2, ,
-3, ,2, ,
-4, ,2, ,
-4, ,2, ,
-4, ,2, ,
-4, ,2, ,
-4, ,2, ,
-3, ,2, ,
-4, ,2, ,
-5, ,2, ,
-3, ,2, ,
-4, ,2, ,
-4, ,2, ,
-4, ,2, ,
-4, ,2, ,
-4, ,2, ,
-3, ,2, ,
-4, ,2, ,
-3, ,2, ,
-3, ,2, ,
-3, ,2, ,
-4, ,2, ,
-4, ,2, ,
-4, ,2, ,
-5, ,2, ,
-3, ,2, ,
-4, ,2, ,
-4, ,2, ,
-3, ,2, ,
-5, ,2, ,
-4, ,2, ,
